epoch,loss,val_acc,test_acc,epoch_time_s
1,1.9499,0.1560,0.1440,0.040
2,1.9468,0.1560,0.1470,0.032
3,1.9418,0.4300,0.4290,0.030
4,1.9373,0.3260,0.3690,0.029
5,1.9310,0.1220,0.1380,0.026
6,1.9202,0.2060,0.2230,0.032
7,1.8999,0.2200,0.2350,0.032
8,1.8863,0.2580,0.2480,0.031
9,1.8596,0.3080,0.3240,0.034
10,1.8290,0.3580,0.3610,0.034
11,1.7743,0.4000,0.4110,0.030
12,1.6969,0.5080,0.5350,0.032
13,1.6233,0.5980,0.5950,0.032
14,1.5298,0.6120,0.6060,0.028
15,1.4271,0.6180,0.6210,0.032
16,1.2859,0.6440,0.6380,0.024
17,1.1820,0.6420,0.6500,0.020
18,1.0351,0.6520,0.6630,0.030
19,0.9338,0.6900,0.7170,0.030
20,0.8705,0.7260,0.7320,0.030
21,0.7447,0.7460,0.7550,0.032
22,0.6598,0.7260,0.7390,0.028
23,0.5779,0.7460,0.7570,0.031
24,0.5224,0.7380,0.7480,0.031
25,0.3831,0.7280,0.7370,0.028
26,0.3443,0.7440,0.7510,0.026
27,0.2539,0.7660,0.7660,0.033
28,0.2554,0.7680,0.7850,0.034
29,0.2259,0.7700,0.7810,0.037
30,0.1995,0.7560,0.7650,0.036
31,0.1396,0.7360,0.7460,0.031
32,0.1296,0.7420,0.7550,0.031
33,0.1154,0.7680,0.7730,0.032
34,0.1078,0.7720,0.7800,0.032
35,0.1129,0.7600,0.7630,0.027
36,0.0942,0.7220,0.7370,0.031
37,0.0864,0.7300,0.7370,0.032
38,0.0751,0.7680,0.7610,0.027
39,0.0719,0.7740,0.7810,0.027
40,0.0440,0.7720,0.7800,0.030
41,0.0555,0.7740,0.7740,0.040
42,0.0400,0.7380,0.7380,0.034
43,0.0422,0.7360,0.7350,0.031
44,0.0681,0.7540,0.7480,0.031
45,0.0352,0.7640,0.7650,0.029
46,0.0319,0.7680,0.7700,0.033
47,0.0370,0.7720,0.7760,0.030
48,0.0334,0.7700,0.7730,0.032
49,0.0509,0.7600,0.7580,0.028
50,0.0399,0.7540,0.7560,0.031
51,0.0242,0.7560,0.7510,0.029
52,0.0250,0.7540,0.7510,0.032
53,0.0283,0.7520,0.7480,0.032
54,0.0280,0.7580,0.7530,0.028
55,0.0175,0.7560,0.7540,0.030
56,0.0331,0.7580,0.7600,0.030
57,0.0492,0.7540,0.7620,0.020
58,0.0208,0.7520,0.7510,0.040
59,0.0295,0.7580,0.7510,0.024
60,0.0288,0.7620,0.7610,0.026
61,0.0291,0.7560,0.7670,0.037
62,0.0281,0.7460,0.7660,0.027
63,0.0409,0.7320,0.7460,0.021
64,0.0511,0.7580,0.7680,0.030
65,0.0231,0.7500,0.7530,0.035
66,0.0336,0.7480,0.7380,0.026
67,0.0410,0.7480,0.7410,0.024
68,0.0221,0.7380,0.7220,0.025
69,0.0495,0.7340,0.7300,0.031
70,0.0199,0.7440,0.7460,0.032
71,0.0380,0.7680,0.7770,0.030
72,0.0429,0.7700,0.7660,0.027
73,0.0234,0.7700,0.7600,0.031
74,0.0406,0.7640,0.7520,0.034
75,0.0391,0.7500,0.7300,0.033
76,0.0406,0.7640,0.7560,0.033
77,0.0712,0.7740,0.7720,0.031
78,0.0372,0.7740,0.7680,0.038
79,0.0562,0.7560,0.7640,0.040
80,0.0272,0.7400,0.7330,0.039
81,0.0382,0.7180,0.6980,0.040
82,0.0350,0.7500,0.7280,0.031
83,0.0429,0.7800,0.7650,0.032
84,0.0351,0.7680,0.7770,0.025
85,0.0313,0.7620,0.7750,0.027
86,0.0419,0.7620,0.7790,0.033
87,0.0361,0.7640,0.7550,0.035
88,0.0279,0.7500,0.7310,0.028
89,0.0266,0.7600,0.7270,0.027
90,0.0280,0.7680,0.7500,0.031
91,0.0433,0.7680,0.7610,0.032
92,0.0441,0.7540,0.7530,0.032
93,0.0317,0.7420,0.7580,0.035
94,0.0249,0.7680,0.7550,0.037
95,0.0290,0.7640,0.7520,0.028
96,0.0177,0.7540,0.7470,0.030
97,0.0241,0.7600,0.7500,0.023
98,0.0224,0.7740,0.7610,0.032
99,0.0264,0.7700,0.7680,0.024
100,0.0290,0.7560,0.7650,0.035
101,0.0324,0.7280,0.7530,0.042
102,0.0178,0.7260,0.7400,0.028
103,0.0163,0.7380,0.7390,0.031
104,0.0396,0.7460,0.7370,0.029
105,0.0206,0.7540,0.7510,0.036
106,0.0287,0.7660,0.7530,0.037
107,0.0264,0.7640,0.7580,0.031
108,0.0200,0.7620,0.7680,0.032
109,0.0229,0.7500,0.7540,0.030
110,0.0394,0.7500,0.7530,0.030
111,0.0246,0.7640,0.7720,0.032
112,0.0203,0.7660,0.7690,0.028
113,0.0202,0.7760,0.7650,0.032
114,0.0183,0.7740,0.7610,0.026
115,0.0263,0.7580,0.7530,0.024
116,0.0128,0.7420,0.7370,0.028
117,0.0203,0.7280,0.7290,0.030
118,0.0257,0.7460,0.7470,0.032
119,0.0296,0.7560,0.7600,0.030
120,0.0235,0.7680,0.7560,0.031
121,0.0166,0.7660,0.7570,0.033
122,0.0289,0.7580,0.7470,0.032
123,0.0144,0.7440,0.7560,0.030
124,0.0207,0.7420,0.7510,0.027
125,0.0174,0.7520,0.7570,0.033
126,0.0218,0.7600,0.7700,0.030
127,0.0152,0.7640,0.7590,0.032
128,0.0202,0.7640,0.7640,0.030
129,0.0354,0.7660,0.7540,0.030
130,0.0165,0.7220,0.7190,0.027
131,0.0206,0.7220,0.7120,0.027
132,0.0261,0.7380,0.7290,0.028
133,0.0416,0.7620,0.7610,0.028
134,0.0185,0.7700,0.7660,0.030
135,0.0224,0.7720,0.7720,0.030
136,0.0210,0.7680,0.7700,0.030
137,0.0151,0.7600,0.7690,0.027
138,0.0171,0.7660,0.7580,0.029
139,0.0327,0.7520,0.7400,0.034
140,0.0191,0.7360,0.7210,0.034
141,0.0449,0.7560,0.7520,0.038
142,0.0264,0.7840,0.7710,0.028
143,0.0304,0.7560,0.7660,0.038
144,0.0337,0.7560,0.7700,0.028
145,0.0409,0.7480,0.7620,0.028
146,0.0170,0.7520,0.7500,0.030
147,0.0449,0.7540,0.7490,0.026
148,0.0237,0.7660,0.7540,0.036
149,0.0333,0.7720,0.7710,0.030
150,0.0198,0.7680,0.7690,0.028
151,0.0156,0.7660,0.7560,0.031
152,0.0301,0.7540,0.7280,0.030
153,0.0331,0.7200,0.7230,0.026
154,0.0351,0.7500,0.7500,0.034
155,0.0183,0.7620,0.7590,0.027
156,0.0155,0.7780,0.7550,0.030
157,0.0239,0.7740,0.7680,0.032
158,0.0396,0.7540,0.7490,0.026
159,0.0281,0.7380,0.7540,0.035
160,0.0236,0.7520,0.7590,0.027
161,0.0182,0.7600,0.7510,0.033
162,0.0133,0.7740,0.7370,0.020
163,0.0231,0.7640,0.7440,0.038
164,0.0338,0.7600,0.7420,0.025
165,0.0121,0.7340,0.7330,0.033
166,0.0148,0.7240,0.7350,0.029
167,0.0139,0.7380,0.7540,0.027
168,0.0196,0.7600,0.7660,0.028
169,0.0361,0.7580,0.7750,0.030
170,0.0165,0.7680,0.7730,0.028
171,0.0228,0.7760,0.7650,0.024
172,0.0161,0.7680,0.7630,0.026
173,0.0188,0.7540,0.7530,0.045
174,0.0279,0.7440,0.7340,0.038
175,0.0173,0.7500,0.7380,0.023
176,0.0128,0.7540,0.7460,0.028
177,0.0182,0.7600,0.7690,0.030
178,0.0224,0.7620,0.7730,0.024
179,0.0218,0.7640,0.7700,0.030
180,0.0150,0.7620,0.7630,0.031
181,0.0218,0.7660,0.7600,0.091
182,0.0209,0.7660,0.7600,0.030
183,0.0200,0.7700,0.7700,0.032
184,0.0143,0.7660,0.7790,0.020
185,0.0209,0.7620,0.7630,0.030
186,0.0161,0.7540,0.7550,0.032
187,0.0146,0.7460,0.7400,0.030
188,0.0298,0.7600,0.7550,0.028
189,0.0224,0.7620,0.7610,0.030
190,0.0240,0.7780,0.7710,0.028
191,0.0246,0.7560,0.7680,0.034
192,0.0188,0.7480,0.7700,0.032
193,0.0237,0.7440,0.7660,0.026
194,0.0144,0.7580,0.7540,0.030
195,0.0253,0.7600,0.7610,0.028
196,0.0121,0.7680,0.7440,0.030
197,0.0203,0.7600,0.7400,0.024
198,0.0199,0.7540,0.7560,0.028
199,0.0126,0.7540,0.7590,0.030
200,0.0171,0.7600,0.7590,0.030
201,0.0128,0.7680,0.7620,0.032
202,0.0186,0.7640,0.7590,0.028
203,0.0223,0.7600,0.7520,0.030
204,0.0123,0.7520,0.7460,0.034
205,0.0247,0.7500,0.7430,0.036
206,0.0195,0.7560,0.7470,0.030
207,0.0153,0.7560,0.7460,0.025
208,0.0327,0.7460,0.7330,0.031
209,0.0136,0.7420,0.7270,0.026
210,0.0201,0.7560,0.7500,0.026
211,0.0206,0.7600,0.7610,0.029
212,0.0194,0.7640,0.7630,0.027
213,0.0246,0.7600,0.7600,0.031
214,0.0151,0.7500,0.7520,0.031
215,0.0169,0.7400,0.7470,0.027
216,0.0151,0.7460,0.7480,0.029
217,0.0306,0.7540,0.7480,0.035
218,0.0239,0.7640,0.7480,0.026
219,0.0201,0.7740,0.7540,0.026
220,0.0251,0.7580,0.7560,0.024
221,0.0225,0.7540,0.7440,0.034
222,0.0170,0.7460,0.7490,0.030
223,0.0322,0.7600,0.7670,0.030
224,0.0138,0.7780,0.7620,0.023
225,0.0255,0.7740,0.7570,0.035
226,0.0135,0.7700,0.7410,0.032
227,0.0211,0.7220,0.7220,0.032
228,0.0238,0.7220,0.7320,0.032
229,0.0265,0.7520,0.7570,0.026
230,0.0163,0.7620,0.7710,0.030
231,0.0202,0.7660,0.7800,0.030
232,0.0172,0.7640,0.7780,0.029
233,0.0202,0.7660,0.7730,0.033
234,0.0166,0.7620,0.7530,0.030
235,0.0156,0.7560,0.7510,0.032
236,0.0278,0.7620,0.7670,0.028
237,0.0167,0.7680,0.7730,0.028
238,0.0111,0.7660,0.7730,0.036
239,0.0154,0.7700,0.7750,0.034
240,0.0159,0.7600,0.7720,0.032
241,0.0110,0.7580,0.7620,0.032
242,0.0155,0.7560,0.7570,0.029
243,0.0102,0.7520,0.7540,0.028
244,0.0212,0.7580,0.7530,0.030
245,0.0108,0.7660,0.7530,0.040
246,0.0190,0.7640,0.7500,0.063
247,0.0155,0.7600,0.7610,0.045
248,0.0182,0.7560,0.7740,0.044
249,0.0283,0.7560,0.7670,0.038
250,0.0191,0.7620,0.7710,0.033
251,0.0154,0.7560,0.7640,0.026
252,0.0155,0.7560,0.7540,0.032
253,0.0157,0.7400,0.7360,0.035
254,0.0377,0.7620,0.7510,0.028
255,0.0216,0.7740,0.7690,0.032
256,0.0140,0.7700,0.7710,0.032
257,0.0299,0.7640,0.7630,0.026
258,0.0200,0.7540,0.7480,0.029
259,0.0220,0.7620,0.7330,0.030
260,0.0246,0.7640,0.7470,0.034
261,0.0243,0.7560,0.7540,0.032
262,0.0241,0.7640,0.7660,0.035
263,0.0121,0.7480,0.7470,0.037
264,0.0322,0.7520,0.7620,0.028
265,0.0209,0.7700,0.7680,0.030
266,0.0202,0.7800,0.7630,0.027
267,0.0220,0.7680,0.7550,0.033
268,0.0184,0.7380,0.7350,0.038
269,0.0177,0.7400,0.7390,0.031
270,0.0271,0.7720,0.7640,0.033
271,0.0128,0.7720,0.7720,0.032
272,0.0133,0.7600,0.7770,0.034
273,0.0280,0.7620,0.7730,0.032
274,0.0164,0.7560,0.7540,0.034
275,0.0262,0.7620,0.7460,0.036
276,0.0184,0.7580,0.7430,0.032
277,0.0129,0.7640,0.7510,0.032
278,0.0294,0.7660,0.7570,0.026
279,0.0186,0.7700,0.7670,0.034
280,0.0149,0.7500,0.7580,0.026
281,0.0185,0.7520,0.7490,0.030
282,0.0089,0.7540,0.7490,0.030
283,0.0158,0.7640,0.7560,0.030
284,0.0145,0.7660,0.7630,0.032
285,0.0184,0.7560,0.7550,0.028
286,0.0083,0.7700,0.7600,0.028
287,0.0220,0.7580,0.7560,0.032
288,0.0150,0.7640,0.7530,0.022
289,0.0145,0.7580,0.7420,0.035
290,0.0137,0.7400,0.7400,0.033
291,0.0179,0.7560,0.7530,0.030
292,0.0198,0.7640,0.7650,0.030
293,0.0134,0.7620,0.7620,0.024
294,0.0135,0.7500,0.7520,0.031
295,0.0147,0.7540,0.7380,0.025
296,0.0250,0.7600,0.7370,0.030
297,0.0150,0.7600,0.7400,0.030
298,0.0271,0.7660,0.7540,0.024
299,0.0201,0.7540,0.7660,0.031
300,0.0168,0.7540,0.7640,0.035
301,0.0313,0.7500,0.7370,0.040
302,0.0262,0.7560,0.7580,0.032
303,0.0172,0.7520,0.7490,0.028
304,0.0208,0.7560,0.7400,0.032
305,0.0233,0.7580,0.7270,0.033
306,0.0098,0.7260,0.7170,0.037
307,0.0468,0.7520,0.7420,0.032
308,0.0099,0.7660,0.7530,0.029
309,0.0147,0.7780,0.7720,0.027
310,0.0219,0.7720,0.7800,0.030
311,0.0189,0.7680,0.7750,0.030
312,0.0202,0.7640,0.7690,0.030
313,0.0095,0.7700,0.7490,0.036
314,0.0146,0.7600,0.7420,0.038
315,0.0098,0.7600,0.7430,0.030
316,0.0268,0.7760,0.7510,0.020
317,0.0171,0.7780,0.7580,0.033
318,0.0108,0.7740,0.7680,0.023
319,0.0168,0.7700,0.7650,0.027
320,0.0133,0.7680,0.7580,0.029
321,0.0111,0.7680,0.7640,0.031
322,0.0190,0.7680,0.7600,0.031
323,0.0205,0.7620,0.7580,0.032
324,0.0189,0.7640,0.7550,0.033
325,0.0199,0.7640,0.7550,0.027
326,0.0131,0.7560,0.7410,0.025
327,0.0175,0.7420,0.7290,0.035
328,0.0290,0.7640,0.7570,0.030
329,0.0132,0.7680,0.7840,0.034
330,0.0136,0.7680,0.7850,0.031
331,0.0369,0.7660,0.7700,0.031
332,0.0124,0.7540,0.7470,0.028
333,0.0202,0.7460,0.7460,0.026
334,0.0192,0.7520,0.7530,0.040
335,0.0154,0.7620,0.7540,0.030
336,0.0194,0.7680,0.7580,0.030
337,0.0139,0.7680,0.7650,0.030
338,0.0153,0.7600,0.7640,0.030
339,0.0145,0.7580,0.7670,0.030
340,0.0089,0.7540,0.7690,0.029
341,0.0392,0.7520,0.7570,0.035
342,0.0136,0.7500,0.7470,0.033
343,0.0181,0.7620,0.7490,0.028
344,0.0175,0.7620,0.7570,0.032
345,0.0209,0.7600,0.7610,0.025
346,0.0105,0.7600,0.7660,0.031
347,0.0127,0.7680,0.7750,0.028
348,0.0158,0.7700,0.7800,0.028
349,0.0138,0.7720,0.7770,0.028
350,0.0158,0.7640,0.7590,0.030
351,0.0212,0.7720,0.7550,0.030
352,0.0137,0.7720,0.7600,0.030
353,0.0138,0.7640,0.7530,0.030
354,0.0169,0.7660,0.7620,0.028
355,0.0215,0.7680,0.7680,0.027
356,0.0133,0.7640,0.7610,0.028
357,0.0174,0.7620,0.7720,0.026
358,0.0210,0.7660,0.7720,0.036
359,0.0183,0.7560,0.7550,0.034
360,0.0141,0.7500,0.7400,0.032
361,0.0200,0.7540,0.7390,0.038
362,0.0193,0.7580,0.7540,0.030
363,0.0156,0.7580,0.7550,0.032
364,0.0293,0.7700,0.7760,0.028
365,0.0200,0.7760,0.7710,0.030
366,0.0115,0.7660,0.7690,0.040
367,0.0311,0.7580,0.7380,0.042
368,0.0181,0.7240,0.7140,0.030
369,0.0304,0.7520,0.7460,0.028
370,0.0188,0.7620,0.7750,0.032
371,0.0144,0.7640,0.7790,0.033
372,0.0161,0.7700,0.7810,0.031
373,0.0137,0.7680,0.7790,0.026
374,0.0138,0.7580,0.7690,0.040
375,0.0086,0.7480,0.7450,0.031
376,0.0320,0.7600,0.7660,0.028
377,0.0176,0.7720,0.7730,0.027
378,0.0199,0.7640,0.7810,0.029
379,0.0124,0.7720,0.7840,0.024
380,0.0156,0.7680,0.7750,0.030
381,0.0186,0.7720,0.7870,0.036
382,0.0141,0.7680,0.7790,0.032
383,0.0110,0.7660,0.7730,0.034
384,0.0117,0.7620,0.7730,0.037
385,0.0110,0.7640,0.7720,0.034
386,0.0187,0.7780,0.7750,0.041
387,0.0128,0.7740,0.7620,0.037
388,0.0155,0.7580,0.7620,0.022
389,0.0191,0.7680,0.7770,0.034
390,0.0115,0.7740,0.7740,0.030
391,0.0173,0.7700,0.7680,0.025
392,0.0136,0.7680,0.7610,0.026
393,0.0148,0.7500,0.7480,0.030
394,0.0164,0.7540,0.7640,0.025
395,0.0158,0.7620,0.7760,0.027
396,0.0174,0.7600,0.7680,0.028
397,0.0281,0.7640,0.7680,0.025
398,0.0134,0.7640,0.7690,0.033
399,0.0125,0.7580,0.7690,0.032
400,0.0211,0.7760,0.7720,0.036
401,0.0097,0.7760,0.7670,0.027
402,0.0138,0.7740,0.7730,0.030
403,0.0131,0.7720,0.7760,0.028
404,0.0149,0.7820,0.7770,0.030
405,0.0135,0.7580,0.7640,0.032
406,0.0127,0.7500,0.7530,0.028
407,0.0189,0.7640,0.7690,0.030
408,0.0159,0.7700,0.7720,0.030
409,0.0186,0.7820,0.7750,0.030
410,0.0203,0.7820,0.7660,0.030
411,0.0129,0.7720,0.7500,0.030
412,0.0117,0.7520,0.7400,0.035
413,0.0139,0.7540,0.7430,0.025
414,0.0193,0.7640,0.7580,0.034
415,0.0106,0.7780,0.7710,0.028
416,0.0104,0.7680,0.7680,0.028
417,0.0164,0.7760,0.7640,0.028
418,0.0168,0.7660,0.7520,0.032
419,0.0173,0.7380,0.7260,0.030
420,0.0232,0.7480,0.7490,0.024
421,0.0246,0.7700,0.7800,0.038
422,0.0285,0.7640,0.7780,0.028
423,0.0354,0.7520,0.7600,0.038
424,0.0196,0.6900,0.7040,0.030
425,0.0271,0.7120,0.7150,0.028
426,0.0295,0.7640,0.7430,0.030
427,0.0348,0.7700,0.7660,0.032
428,0.0211,0.7820,0.7760,0.030
429,0.0145,0.7480,0.7680,0.033
430,0.0352,0.7720,0.7570,0.027
431,0.0109,0.7360,0.7390,0.025
432,0.0116,0.7140,0.7050,0.026
433,0.0168,0.7220,0.7100,0.036
434,0.0252,0.7400,0.7420,0.031
435,0.0189,0.7740,0.7720,0.025
436,0.0114,0.7620,0.7640,0.026
437,0.0227,0.7540,0.7670,0.028
438,0.0364,0.7700,0.7540,0.023
439,0.0160,0.7620,0.7300,0.027
440,0.0267,0.7240,0.7040,0.030
441,0.0204,0.7160,0.7000,0.027
442,0.0297,0.7520,0.7500,0.033
443,0.0157,0.7680,0.7760,0.028
444,0.0131,0.7760,0.7890,0.027
445,0.0144,0.7760,0.7940,0.025
446,0.0209,0.7800,0.7930,0.025
447,0.0132,0.7740,0.7780,0.033
448,0.0186,0.7840,0.7690,0.027
449,0.0126,0.7720,0.7450,0.032
450,0.0349,0.7740,0.7570,0.032
451,0.0162,0.7620,0.7550,0.026
452,0.0250,0.7700,0.7580,0.025
453,0.0198,0.7640,0.7770,0.036
454,0.0193,0.7540,0.7700,0.030
455,0.0224,0.7600,0.7710,0.034
456,0.0188,0.7740,0.7660,0.030
457,0.0210,0.7620,0.7520,0.033
458,0.0153,0.7420,0.7160,0.032
459,0.0188,0.7240,0.7220,0.036
460,0.0245,0.7560,0.7570,0.033
461,0.0159,0.7780,0.7930,0.035
462,0.0203,0.7700,0.7840,0.025
463,0.0224,0.7660,0.7690,0.040
464,0.0279,0.7420,0.7490,0.032
465,0.0197,0.7300,0.7330,0.023
466,0.0165,0.7320,0.7270,0.037
467,0.0182,0.7600,0.7520,0.038
468,0.0196,0.7660,0.7660,0.026
469,0.0277,0.7760,0.7850,0.031
470,0.0111,0.7540,0.7810,0.026
471,0.0222,0.7360,0.7660,0.026
472,0.0241,0.7440,0.7550,0.021
473,0.0146,0.7560,0.7550,0.031
474,0.0068,0.7520,0.7610,0.030
475,0.0102,0.7480,0.7470,0.032
476,0.0242,0.7620,0.7580,0.029
477,0.0237,0.7700,0.7770,0.029
478,0.0071,0.7680,0.7890,0.027
479,0.0112,0.7480,0.7800,0.026
480,0.0100,0.7420,0.7740,0.030
481,0.0200,0.7640,0.7840,0.035
482,0.0195,0.7580,0.7740,0.022
483,0.0085,0.7460,0.7530,0.033
484,0.0131,0.7400,0.7310,0.032
485,0.0249,0.7400,0.7440,0.032
486,0.0139,0.7480,0.7690,0.030
487,0.0140,0.7860,0.7740,0.022
488,0.0147,0.7700,0.7750,0.032
489,0.0147,0.7800,0.7700,0.030
490,0.0264,0.7640,0.7560,0.032
491,0.0098,0.7520,0.7410,0.030
492,0.0178,0.7560,0.7520,0.027
493,0.0165,0.7620,0.7620,0.031
494,0.0149,0.7740,0.7650,0.028
495,0.0186,0.7740,0.7640,0.035
496,0.0161,0.7400,0.7420,0.029
497,0.0297,0.7440,0.7420,0.030
498,0.0283,0.7660,0.7530,0.028
499,0.0073,0.7620,0.7430,0.032
500,0.0191,0.7360,0.7310,0.038
501,0.0510,0.7780,0.7640,0.036
502,0.0078,0.7540,0.7620,0.027
503,0.0115,0.7240,0.7390,0.033
504,0.0769,0.7680,0.7670,0.028
505,0.0206,0.7460,0.7430,0.034
506,0.0595,0.7620,0.7510,0.029
507,0.0281,0.7640,0.7540,0.027
508,0.0079,0.7640,0.7510,0.033
509,0.0182,0.7580,0.7530,0.034
510,0.0208,0.7740,0.7730,0.036
511,0.0096,0.7660,0.7840,0.030
512,0.0129,0.7620,0.7850,0.032
513,0.0251,0.7640,0.7760,0.030
514,0.0137,0.7540,0.7600,0.028
515,0.0148,0.7500,0.7620,0.030
516,0.0175,0.7400,0.7500,0.026
517,0.0190,0.7460,0.7580,0.029
518,0.0156,0.7560,0.7620,0.026
519,0.0196,0.7580,0.7690,0.031
520,0.0242,0.7440,0.7510,0.028
521,0.0089,0.7280,0.7300,0.037
522,0.0211,0.7300,0.7370,0.032
523,0.0224,0.7520,0.7550,0.042
524,0.0161,0.7540,0.7640,0.048
525,0.0319,0.7600,0.7700,0.052
526,0.0129,0.7560,0.7580,0.043
527,0.0124,0.7480,0.7440,0.035
528,0.0250,0.7520,0.7500,0.031
529,0.0173,0.7400,0.7320,0.041
530,0.0130,0.7460,0.7520,0.038
531,0.0137,0.7560,0.7640,0.029
532,0.0110,0.7660,0.7790,0.035
533,0.0132,0.7620,0.7810,0.029
534,0.0284,0.7620,0.7680,0.025
535,0.0056,0.7580,0.7530,0.025
536,0.0121,0.7520,0.7340,0.036
537,0.0119,0.7520,0.7240,0.034
538,0.0210,0.7500,0.7400,0.030
539,0.0090,0.7580,0.7610,0.039
540,0.0096,0.7500,0.7730,0.031
541,0.0163,0.7540,0.7760,0.034
542,0.0253,0.7700,0.7790,0.023
543,0.0109,0.7600,0.7780,0.034
544,0.0311,0.7600,0.7790,0.030
545,0.0124,0.7520,0.7430,0.032
546,0.0179,0.7360,0.7260,0.031
547,0.0234,0.7560,0.7470,0.036
548,0.0103,0.7520,0.7670,0.032
549,0.0108,0.7600,0.7640,0.029
550,0.0191,0.7740,0.7660,0.028
551,0.0145,0.7720,0.7750,0.028
552,0.0085,0.7680,0.7810,0.030
553,0.0089,0.7660,0.7710,0.036
554,0.0183,0.7540,0.7570,0.034
555,0.0145,0.7480,0.7470,0.029
556,0.0195,0.7600,0.7570,0.026
557,0.0240,0.7480,0.7550,0.025
558,0.0129,0.7520,0.7510,0.037
559,0.0137,0.7500,0.7640,0.031
560,0.0214,0.7660,0.7760,0.028
561,0.0225,0.7740,0.7760,0.038
562,0.0157,0.7560,0.7680,0.036
563,0.0210,0.7580,0.7560,0.034
564,0.0094,0.7500,0.7570,0.031
565,0.0065,0.7480,0.7550,0.035
566,0.0132,0.7460,0.7440,0.034
567,0.0174,0.7540,0.7580,0.033
568,0.0122,0.7680,0.7760,0.026
569,0.0175,0.7720,0.7780,0.029
570,0.0076,0.7700,0.7750,0.028
571,0.0174,0.7700,0.7680,0.032
572,0.0138,0.7620,0.7430,0.026
573,0.0167,0.7420,0.7250,0.022
574,0.0327,0.7640,0.7610,0.030
575,0.0100,0.7680,0.7710,0.032
576,0.0123,0.7680,0.7670,0.028
577,0.0241,0.7660,0.7810,0.035
578,0.0140,0.7580,0.7660,0.033
579,0.0166,0.7180,0.7310,0.024
580,0.0331,0.7400,0.7450,0.036
581,0.0206,0.7640,0.7640,0.034
582,0.0088,0.7600,0.7700,0.028
583,0.0265,0.7580,0.7710,0.032
584,0.0225,0.7620,0.7790,0.030
585,0.0142,0.7720,0.7850,0.018
586,0.0091,0.7580,0.7620,0.035
587,0.0164,0.7420,0.7500,0.031
588,0.0183,0.7460,0.7540,0.031
589,0.0140,0.7500,0.7620,0.032
590,0.0163,0.7600,0.7570,0.029
591,0.0142,0.7700,0.7580,0.028
592,0.0206,0.7760,0.7710,0.028
593,0.0166,0.7560,0.7560,0.028
594,0.0149,0.7580,0.7480,0.030
595,0.0104,0.7460,0.7480,0.038
596,0.0146,0.7540,0.7620,0.032
597,0.0159,0.7480,0.7700,0.028
598,0.0096,0.7640,0.7670,0.030
599,0.0140,0.7640,0.7610,0.038
600,0.0112,0.7660,0.7640,0.035
601,0.0110,0.7600,0.7710,0.037
602,0.0133,0.7660,0.7810,0.029
603,0.0102,0.7660,0.7700,0.028
604,0.0164,0.7660,0.7710,0.025
605,0.0136,0.7720,0.7780,0.022
606,0.0094,0.7740,0.7770,0.035
607,0.0138,0.7740,0.7700,0.030
608,0.0111,0.7720,0.7670,0.035
609,0.0173,0.7680,0.7750,0.027
610,0.0120,0.7720,0.7770,0.031
611,0.0134,0.7720,0.7760,0.031
612,0.0205,0.7540,0.7630,0.036
613,0.0185,0.7500,0.7600,0.030
614,0.0134,0.7540,0.7620,0.028
615,0.0146,0.7560,0.7610,0.032
616,0.0388,0.7760,0.7670,0.028
617,0.0090,0.7580,0.7610,0.032
618,0.0172,0.7580,0.7490,0.030
619,0.0118,0.7600,0.7500,0.032
620,0.0124,0.7680,0.7630,0.028
621,0.0154,0.7640,0.7780,0.040
622,0.0126,0.7720,0.7870,0.028
623,0.0302,0.7740,0.7840,0.034
624,0.0148,0.7580,0.7660,0.023
625,0.0159,0.7520,0.7490,0.025
626,0.0218,0.7560,0.7630,0.030
627,0.0227,0.7720,0.7750,0.035
628,0.0094,0.7680,0.7720,0.038
629,0.0313,0.7640,0.7730,0.032
630,0.0187,0.7560,0.7660,0.036
631,0.0196,0.7620,0.7490,0.034
632,0.0216,0.7600,0.7500,0.031
633,0.0145,0.7680,0.7610,0.026
634,0.0134,0.7760,0.7690,0.029
635,0.0140,0.7780,0.7700,0.030
636,0.0221,0.7760,0.7690,0.030
637,0.0204,0.7700,0.7670,0.030
638,0.0086,0.7660,0.7590,0.029
639,0.0098,0.7500,0.7450,0.023
640,0.0197,0.7620,0.7560,0.028
641,0.0205,0.7680,0.7650,0.034
642,0.0156,0.7760,0.7640,0.028
643,0.0283,0.7460,0.7370,0.034
644,0.0178,0.7300,0.7250,0.024
645,0.0324,0.7720,0.7520,0.034
646,0.0136,0.7640,0.7590,0.035
647,0.0302,0.7580,0.7640,0.033
648,0.0276,0.7680,0.7770,0.033
649,0.0123,0.7620,0.7660,0.030
650,0.0192,0.7440,0.7460,0.030
651,0.0269,0.7540,0.7550,0.029
652,0.0184,0.7700,0.7710,0.026
653,0.0093,0.7680,0.7760,0.034
654,0.0129,0.7580,0.7660,0.028
655,0.0140,0.7500,0.7490,0.034
656,0.0168,0.7680,0.7430,0.029
657,0.0104,0.7560,0.7250,0.035
658,0.0162,0.7560,0.7350,0.032
659,0.0115,0.7580,0.7480,0.032
660,0.0155,0.7720,0.7680,0.036
661,0.0151,0.7740,0.7700,0.042
662,0.0136,0.7520,0.7600,0.033
663,0.0119,0.7380,0.7510,0.035
664,0.0121,0.7420,0.7530,0.031
665,0.0161,0.7680,0.7580,0.032
666,0.0119,0.7720,0.7630,0.032
667,0.0072,0.7720,0.7650,0.030
668,0.0100,0.7640,0.7640,0.024
669,0.0217,0.7560,0.7560,0.030
670,0.0102,0.7580,0.7490,0.033
671,0.0158,0.7580,0.7520,0.035
672,0.0114,0.7560,0.7550,0.028
673,0.0142,0.7580,0.7660,0.028
674,0.0132,0.7660,0.7810,0.029
675,0.0129,0.7700,0.7820,0.035
676,0.0203,0.7700,0.7730,0.032
677,0.0156,0.7520,0.7530,0.032
678,0.0205,0.7540,0.7590,0.032
679,0.0114,0.7580,0.7640,0.028
680,0.0098,0.7540,0.7540,0.029
681,0.0138,0.7580,0.7620,0.037
682,0.0127,0.7680,0.7650,0.033
683,0.0099,0.7720,0.7690,0.030
684,0.0132,0.7620,0.7700,0.025
685,0.0167,0.7600,0.7680,0.028
686,0.0182,0.7460,0.7540,0.034
687,0.0115,0.7340,0.7340,0.030
688,0.0212,0.7380,0.7430,0.032
689,0.0211,0.7600,0.7640,0.032
690,0.0095,0.7640,0.7690,0.031
691,0.0124,0.7640,0.7640,0.026
692,0.0184,0.7600,0.7600,0.032
693,0.0126,0.7560,0.7540,0.031
694,0.0144,0.7640,0.7470,0.035
695,0.0111,0.7540,0.7490,0.034
696,0.0142,0.7580,0.7570,0.026
697,0.0121,0.7680,0.7590,0.032
698,0.0138,0.7660,0.7620,0.036
699,0.0186,0.7600,0.7750,0.032
700,0.0140,0.7560,0.7650,0.030
701,0.0109,0.7480,0.7690,0.032
702,0.0160,0.7440,0.7650,0.030
703,0.0166,0.7600,0.7680,0.038
704,0.0204,0.7580,0.7580,0.025
705,0.0140,0.7560,0.7470,0.031
706,0.0230,0.7560,0.7530,0.034
707,0.0096,0.7600,0.7560,0.032
708,0.0198,0.7580,0.7570,0.029
709,0.0155,0.7580,0.7620,0.028
710,0.0195,0.7680,0.7680,0.030
711,0.0157,0.7680,0.7740,0.022
712,0.0223,0.7560,0.7760,0.035
713,0.0085,0.7560,0.7670,0.034
714,0.0287,0.7380,0.7500,0.028
715,0.0113,0.7200,0.7190,0.034
716,0.0225,0.7440,0.7340,0.023
717,0.0206,0.7720,0.7590,0.029
718,0.0156,0.7680,0.7800,0.031
719,0.0204,0.7640,0.7790,0.033
720,0.0127,0.7680,0.7790,0.032
721,0.0133,0.7720,0.7750,0.035
722,0.0104,0.7580,0.7720,0.028
723,0.0111,0.7560,0.7720,0.035
724,0.0113,0.7560,0.7690,0.032
725,0.0186,0.7600,0.7740,0.035
726,0.0086,0.7660,0.7680,0.033
727,0.0128,0.7620,0.7670,0.032
728,0.0265,0.7640,0.7630,0.032
729,0.0091,0.7620,0.7600,0.025
730,0.0083,0.7600,0.7530,0.032
731,0.0129,0.7540,0.7490,0.026
732,0.0149,0.7600,0.7550,0.029
733,0.0105,0.7640,0.7680,0.028
734,0.0099,0.7660,0.7680,0.035
735,0.0161,0.7740,0.7700,0.024
736,0.0159,0.7520,0.7640,0.032
737,0.0107,0.7420,0.7560,0.034
738,0.0187,0.7420,0.7550,0.031
739,0.0099,0.7400,0.7500,0.027
740,0.0176,0.7560,0.7620,0.029
741,0.0145,0.7700,0.7740,0.038
742,0.0206,0.7640,0.7710,0.033
743,0.0129,0.7580,0.7670,0.033
744,0.0152,0.7540,0.7590,0.025
745,0.0194,0.7700,0.7620,0.035
746,0.0184,0.7620,0.7540,0.029
747,0.0154,0.7620,0.7610,0.035
748,0.0088,0.7660,0.7720,0.034
749,0.0099,0.7700,0.7740,0.028
750,0.0162,0.7580,0.7710,0.026
751,0.0159,0.7540,0.7730,0.026
752,0.0112,0.7500,0.7720,0.032
753,0.0211,0.7620,0.7750,0.028
754,0.0096,0.7620,0.7600,0.030
755,0.0192,0.7620,0.7700,0.030
756,0.0161,0.7660,0.7600,0.035
757,0.0092,0.7560,0.7440,0.037
758,0.0158,0.7580,0.7500,0.033
759,0.0115,0.7680,0.7700,0.028
760,0.0132,0.7620,0.7650,0.028
761,0.0145,0.7620,0.7640,0.034
762,0.0125,0.7520,0.7600,0.032
763,0.0131,0.7540,0.7750,0.033
764,0.0083,0.7540,0.7730,0.034
765,0.0108,0.7600,0.7700,0.032
766,0.0133,0.7620,0.7700,0.033
767,0.0117,0.7520,0.7640,0.027
768,0.0150,0.7500,0.7610,0.026
769,0.0162,0.7560,0.7650,0.032
770,0.0121,0.7560,0.7720,0.032
771,0.0164,0.7680,0.7770,0.032
772,0.0109,0.7680,0.7740,0.032
773,0.0220,0.7460,0.7610,0.032
774,0.0103,0.7380,0.7390,0.028
775,0.0258,0.7480,0.7620,0.034
776,0.0133,0.7580,0.7610,0.020
777,0.0120,0.7560,0.7760,0.032
778,0.0174,0.7640,0.7770,0.034
779,0.0174,0.7560,0.7650,0.024
780,0.0155,0.7420,0.7410,0.035
781,0.0164,0.7300,0.7330,0.035
782,0.0171,0.7460,0.7540,0.034
783,0.0238,0.7520,0.7590,0.028
784,0.0255,0.7580,0.7520,0.030
785,0.0257,0.7580,0.7600,0.026
786,0.0159,0.7340,0.7380,0.027
787,0.0234,0.7300,0.7460,0.035
788,0.0189,0.7520,0.7560,0.032
789,0.0150,0.7600,0.7790,0.033
790,0.0154,0.7600,0.7760,0.035
791,0.0120,0.7460,0.7640,0.030
792,0.0185,0.7520,0.7660,0.032
793,0.0309,0.7700,0.7810,0.038
794,0.0164,0.7640,0.7710,0.030
795,0.0128,0.7380,0.7480,0.032
796,0.0154,0.7380,0.7400,0.035
797,0.0196,0.7460,0.7460,0.033
798,0.0135,0.7660,0.7670,0.036
799,0.0088,0.7580,0.7740,0.038
800,0.0097,0.7640,0.7690,0.030
801,0.0118,0.7620,0.7750,0.032
802,0.0108,0.7560,0.7730,0.034
803,0.0166,0.7440,0.7670,0.034
804,0.0165,0.7440,0.7600,0.030
805,0.0080,0.7420,0.7500,0.030
806,0.0170,0.7480,0.7530,0.033
807,0.0134,0.7680,0.7700,0.032
808,0.0101,0.7600,0.7690,0.025
809,0.0183,0.7600,0.7580,0.035
810,0.0227,0.7500,0.7490,0.033
811,0.0306,0.7480,0.7600,0.036
812,0.0134,0.7380,0.7240,0.035
813,0.0354,0.7480,0.7600,0.027
814,0.0218,0.7660,0.7690,0.035
815,0.0160,0.7480,0.7660,0.034
816,0.0188,0.7360,0.7480,0.029
817,0.0201,0.7380,0.7550,0.034
818,0.0079,0.7520,0.7650,0.034
819,0.0121,0.7660,0.7750,0.030
820,0.0091,0.7580,0.7600,0.036
821,0.0179,0.7420,0.7590,0.036
822,0.0164,0.7460,0.7650,0.032
823,0.0116,0.7600,0.7820,0.030
824,0.0125,0.7620,0.7770,0.034
825,0.0160,0.7600,0.7720,0.030
826,0.0110,0.7440,0.7680,0.036
827,0.0233,0.7560,0.7630,0.034
828,0.0118,0.7660,0.7700,0.034
829,0.0221,0.7620,0.7670,0.030
830,0.0130,0.7440,0.7610,0.036
831,0.0172,0.7240,0.7400,0.031
832,0.0475,0.7680,0.7700,0.033
833,0.0215,0.7660,0.7600,0.024
834,0.0175,0.7600,0.7460,0.031
835,0.0303,0.7500,0.7520,0.035
836,0.0144,0.7420,0.7510,0.036
837,0.0132,0.7360,0.7330,0.024
838,0.0164,0.7460,0.7480,0.036
839,0.0215,0.7540,0.7650,0.026
840,0.0226,0.7660,0.7760,0.033
841,0.0126,0.7600,0.7620,0.029
842,0.0154,0.7660,0.7490,0.037
843,0.0209,0.7740,0.7620,0.031
844,0.0093,0.7700,0.7730,0.028
845,0.0151,0.7600,0.7700,0.036
846,0.0110,0.7540,0.7530,0.034
847,0.0266,0.7580,0.7580,0.032
848,0.0111,0.7540,0.7530,0.033
849,0.0091,0.7420,0.7610,0.033
850,0.0182,0.7520,0.7640,0.029
851,0.0108,0.7580,0.7660,0.037
852,0.0109,0.7660,0.7680,0.036
853,0.0182,0.7540,0.7600,0.033
854,0.0114,0.7460,0.7520,0.037
855,0.0149,0.7500,0.7570,0.030
856,0.0084,0.7680,0.7610,0.030
857,0.0149,0.7700,0.7740,0.038
858,0.0127,0.7700,0.7760,0.032
859,0.0173,0.7420,0.7660,0.032
860,0.0105,0.7340,0.7550,0.023
861,0.0139,0.7360,0.7570,0.039
862,0.0172,0.7540,0.7720,0.026
863,0.0122,0.7600,0.7730,0.030
864,0.0164,0.7600,0.7660,0.035
865,0.0212,0.7660,0.7800,0.033
866,0.0078,0.7560,0.7700,0.035
867,0.0167,0.7400,0.7500,0.032
868,0.0123,0.7480,0.7430,0.034
869,0.0185,0.7500,0.7780,0.030
870,0.0195,0.7560,0.7700,0.028
871,0.0138,0.7580,0.7520,0.028
872,0.0301,0.7600,0.7590,0.024
873,0.0130,0.7420,0.7710,0.035
874,0.0084,0.7300,0.7320,0.021
875,0.0195,0.7300,0.7340,0.030
876,0.0137,0.7440,0.7530,0.027
877,0.0171,0.7620,0.7680,0.022
878,0.0119,0.7580,0.7630,0.031
879,0.0147,0.7580,0.7580,0.035
880,0.0082,0.7560,0.7560,0.034
881,0.0147,0.7560,0.7570,0.042
882,0.0278,0.7540,0.7560,0.025
883,0.0156,0.7660,0.7500,0.043
884,0.0241,0.7500,0.7670,0.039
885,0.0091,0.7400,0.7550,0.027
886,0.0448,0.7700,0.7690,0.032
887,0.0233,0.7560,0.7690,0.024
888,0.0336,0.7560,0.7640,0.032
889,0.0261,0.7440,0.7450,0.032
890,0.0210,0.7240,0.7200,0.036
891,0.0266,0.7400,0.7490,0.034
892,0.0192,0.7720,0.7680,0.035
893,0.0131,0.7660,0.7750,0.031
894,0.0234,0.7500,0.7750,0.028
895,0.0097,0.7560,0.7670,0.035
896,0.0105,0.7480,0.7540,0.027
897,0.0254,0.7560,0.7680,0.029
898,0.0159,0.7580,0.7750,0.033
899,0.0193,0.7460,0.7730,0.034
900,0.0306,0.7420,0.7590,0.032
901,0.0103,0.7260,0.7410,0.029
902,0.0175,0.7360,0.7470,0.037
903,0.0134,0.7460,0.7680,0.036
904,0.0099,0.7620,0.7850,0.030
905,0.0095,0.7600,0.7840,0.030
906,0.0216,0.7640,0.7790,0.031
907,0.0141,0.7460,0.7750,0.033
908,0.0156,0.7440,0.7720,0.028
909,0.0155,0.7540,0.7840,0.032
910,0.0082,0.7680,0.7810,0.023
911,0.0152,0.7580,0.7780,0.039
912,0.0114,0.7560,0.7800,0.034
913,0.0114,0.7540,0.7770,0.037
914,0.0087,0.7500,0.7720,0.033
915,0.0107,0.7560,0.7640,0.039
916,0.0090,0.7600,0.7640,0.037
917,0.0095,0.7680,0.7710,0.032
918,0.0119,0.7660,0.7780,0.021
919,0.0129,0.7620,0.7770,0.033
920,0.0091,0.7660,0.7780,0.032
921,0.0121,0.7660,0.7760,0.032
922,0.0104,0.7620,0.7690,0.036
923,0.0083,0.7540,0.7730,0.028
924,0.0143,0.7540,0.7690,0.028
925,0.0088,0.7340,0.7590,0.036
926,0.0185,0.7480,0.7560,0.034
927,0.0139,0.7560,0.7640,0.028
928,0.0090,0.7500,0.7680,0.033
929,0.0174,0.7540,0.7580,0.035
930,0.0169,0.7420,0.7530,0.032
931,0.0162,0.7460,0.7620,0.028
932,0.0100,0.7540,0.7690,0.029
933,0.0106,0.7480,0.7730,0.033
934,0.0233,0.7700,0.7740,0.030
935,0.0138,0.7580,0.7710,0.032
936,0.0196,0.7480,0.7660,0.027
937,0.0128,0.7500,0.7770,0.028
938,0.0118,0.7440,0.7740,0.024
939,0.0129,0.7520,0.7830,0.032
940,0.0130,0.7680,0.7860,0.033
941,0.0121,0.7660,0.7820,0.038
942,0.0123,0.7580,0.7740,0.036
943,0.0076,0.7560,0.7750,0.034
944,0.0117,0.7680,0.7810,0.036
945,0.0137,0.7580,0.7810,0.030
946,0.0121,0.7560,0.7770,0.033
947,0.0151,0.7680,0.7860,0.036
948,0.0108,0.7660,0.7710,0.038
949,0.0092,0.7600,0.7600,0.035
950,0.0120,0.7600,0.7570,0.032
951,0.0168,0.7620,0.7610,0.033
952,0.0231,0.7560,0.7720,0.034
953,0.0125,0.7540,0.7680,0.028
954,0.0130,0.7680,0.7780,0.030
955,0.0103,0.7720,0.7740,0.024
956,0.0139,0.7660,0.7700,0.026
957,0.0128,0.7640,0.7740,0.030
958,0.0143,0.7600,0.7710,0.028
959,0.0099,0.7640,0.7630,0.032
960,0.0166,0.7660,0.7730,0.020
961,0.0138,0.7680,0.7730,0.035
962,0.0121,0.7680,0.7790,0.030
963,0.0167,0.7740,0.7780,0.028
964,0.0126,0.7660,0.7780,0.027
965,0.0148,0.7680,0.7760,0.035
966,0.0092,0.7540,0.7750,0.036
967,0.0119,0.7600,0.7730,0.034
968,0.0140,0.7580,0.7780,0.029
969,0.0100,0.7720,0.7800,0.026
970,0.0064,0.7660,0.7760,0.035
971,0.0122,0.7660,0.7770,0.034
972,0.0133,0.7600,0.7720,0.031
973,0.0125,0.7560,0.7710,0.027
974,0.0106,0.7540,0.7670,0.028
975,0.0118,0.7600,0.7730,0.030
976,0.0140,0.7640,0.7850,0.034
977,0.0127,0.7600,0.7790,0.036
978,0.0206,0.7660,0.7850,0.035
979,0.0176,0.7580,0.7800,0.036
980,0.0179,0.7600,0.7710,0.039
981,0.0116,0.7480,0.7670,0.031
982,0.0168,0.7580,0.7720,0.034
983,0.0180,0.7540,0.7660,0.031
984,0.0110,0.7520,0.7640,0.038
985,0.0250,0.7560,0.7710,0.026
986,0.0150,0.7680,0.7730,0.034
987,0.0112,0.7420,0.7460,0.032
988,0.0200,0.7440,0.7570,0.034
989,0.0152,0.7500,0.7770,0.027
990,0.0186,0.7620,0.7800,0.024
991,0.0140,0.7620,0.7740,0.030
992,0.0162,0.7560,0.7790,0.035
993,0.0142,0.7620,0.7840,0.025
994,0.0084,0.7540,0.7750,0.044
995,0.0117,0.7480,0.7670,0.032
996,0.0096,0.7440,0.7670,0.032
997,0.0112,0.7560,0.7690,0.032
998,0.0095,0.7480,0.7730,0.029
999,0.0088,0.7560,0.7690,0.031
1000,0.0097,0.7560,0.7740,0.034
1001,0.0226,0.7600,0.7830,0.036
1002,0.0121,0.7500,0.7770,0.030
1003,0.0096,0.7400,0.7740,0.028
1004,0.0150,0.7460,0.7700,0.032
1005,0.0198,0.7520,0.7790,0.025
1006,0.0140,0.7600,0.7850,0.035
1007,0.0111,0.7720,0.7800,0.035
1008,0.0082,0.7580,0.7800,0.029
1009,0.0123,0.7640,0.7820,0.024
1010,0.0200,0.7600,0.7700,0.023
1011,0.0109,0.7420,0.7610,0.045
1012,0.0161,0.7440,0.7570,0.035
1013,0.0173,0.7580,0.7790,0.032
1014,0.0120,0.7780,0.7820,0.032
1015,0.0104,0.7640,0.7800,0.022
1016,0.0252,0.7780,0.7780,0.026
1017,0.0272,0.7680,0.7730,0.031
1018,0.0122,0.7640,0.7550,0.033
1019,0.0211,0.7580,0.7580,0.039
1020,0.0146,0.7600,0.7610,0.034
1021,0.0131,0.7420,0.7600,0.036
1022,0.0202,0.7680,0.7770,0.032
1023,0.0159,0.7620,0.7780,0.024
1024,0.0110,0.7460,0.7610,0.034
1025,0.0208,0.7400,0.7600,0.032
1026,0.0199,0.7300,0.7500,0.033
1027,0.0195,0.7300,0.7400,0.027
1028,0.0250,0.7600,0.7770,0.034
1029,0.0095,0.7600,0.7700,0.026
1030,0.0162,0.7480,0.7650,0.024
1031,0.0136,0.7560,0.7660,0.036
1032,0.0140,0.7700,0.7710,0.034
1033,0.0253,0.7480,0.7590,0.030
1034,0.0081,0.7240,0.7310,0.035
1035,0.0147,0.7360,0.7460,0.031
1036,0.0137,0.7400,0.7560,0.036
1037,0.0172,0.7460,0.7730,0.033
1038,0.0184,0.7620,0.7780,0.030
1039,0.0205,0.7520,0.7650,0.030
1040,0.0166,0.7560,0.7570,0.030
1041,0.0250,0.7480,0.7640,0.035
1042,0.0145,0.7440,0.7440,0.040
1043,0.0136,0.7280,0.7400,0.038
1044,0.0417,0.7620,0.7780,0.027
1045,0.0086,0.7520,0.7610,0.033
1046,0.0195,0.7420,0.7560,0.032
1047,0.0804,0.7140,0.7370,0.036
1048,0.0237,0.5440,0.5690,0.024
1049,0.3894,0.5260,0.5420,0.035
1050,0.5470,0.6720,0.6870,0.034
1051,0.3198,0.7120,0.7420,0.029
1052,0.0762,0.6940,0.7200,0.031
1053,0.0840,0.5760,0.6090,0.032
1054,0.4110,0.7280,0.7750,0.030
1055,0.0430,0.7280,0.7840,0.033
1056,0.0673,0.7360,0.7700,0.027
1057,0.1381,0.7520,0.7670,0.032
1058,0.0711,0.7380,0.7430,0.036
1059,0.0527,0.7100,0.7150,0.034
1060,0.1192,0.7320,0.7490,0.031
1061,0.0625,0.7640,0.7740,0.041
1062,0.0297,0.7740,0.7840,0.034
1063,0.0331,0.7740,0.7900,0.037
1064,0.0725,0.7500,0.7670,0.023
1065,0.0289,0.7460,0.7280,0.036
1066,0.0440,0.7540,0.7400,0.034
1067,0.0258,0.7520,0.7560,0.020
1068,0.0298,0.7580,0.7860,0.035
1069,0.0210,0.7780,0.7940,0.032
1070,0.0024,0.7820,0.7910,0.032
1071,0.0053,0.7700,0.7880,0.032
1072,0.0104,0.7620,0.7770,0.028
1073,0.0048,0.7620,0.7680,0.034
1074,0.0058,0.7600,0.7590,0.036
1075,0.0444,0.7540,0.7620,0.036
1076,0.0071,0.7580,0.7650,0.029
1077,0.0075,0.7540,0.7670,0.035
1078,0.0119,0.7560,0.7610,0.026
1079,0.0118,0.7620,0.7750,0.030
1080,0.0096,0.7740,0.7820,0.032
1081,0.0027,0.7840,0.7880,0.038
1082,0.0031,0.7760,0.7930,0.025
1083,0.0131,0.7700,0.7940,0.038
1084,0.0124,0.7700,0.7900,0.028
1085,0.0029,0.7740,0.7800,0.030
1086,0.0037,0.7680,0.7770,0.034
1087,0.0054,0.7680,0.7740,0.028
1088,0.0040,0.7660,0.7720,0.043
1089,0.0096,0.7680,0.7810,0.029
1090,0.0034,0.7720,0.7890,0.033
1091,0.0075,0.7700,0.7870,0.030
1092,0.0052,0.7720,0.7880,0.039
1093,0.0075,0.7680,0.7890,0.032
1094,0.0178,0.7720,0.7940,0.030
1095,0.0063,0.7740,0.7980,0.032
1096,0.0190,0.7740,0.8010,0.034
1097,0.0370,0.7660,0.7920,0.032
1098,0.0102,0.7560,0.7740,0.034
1099,0.0067,0.7400,0.7460,0.022
1100,0.0162,0.7480,0.7560,0.028
1101,0.0209,0.7600,0.7740,0.034
1102,0.0152,0.7660,0.7870,0.030
1103,0.0068,0.7700,0.7900,0.034
1104,0.0104,0.7640,0.7890,0.032
1105,0.0297,0.7740,0.7860,0.034
1106,0.0160,0.7700,0.7850,0.036
1107,0.0128,0.7620,0.7730,0.030
1108,0.0094,0.7580,0.7590,0.030
1109,0.0134,0.7480,0.7480,0.034
1110,0.0140,0.7500,0.7480,0.031
1111,0.0126,0.7480,0.7500,0.025
1112,0.0157,0.7580,0.7740,0.042
1113,0.0062,0.7760,0.7730,0.033
1114,0.0086,0.7840,0.7860,0.032
1115,0.0213,0.7820,0.7860,0.029
1116,0.0104,0.7860,0.7870,0.028
1117,0.0127,0.7800,0.7840,0.026
1118,0.0093,0.7720,0.7860,0.036
1119,0.0092,0.7640,0.7830,0.034
1120,0.0090,0.7580,0.7760,0.035
1121,0.0083,0.7580,0.7760,0.035
1122,0.0080,0.7600,0.7750,0.030
1123,0.0076,0.7660,0.7820,0.034
1124,0.0144,0.7640,0.7820,0.031
1125,0.0099,0.7700,0.7840,0.038
1126,0.0084,0.7740,0.7870,0.027
1127,0.0113,0.7740,0.7870,0.036
1128,0.0150,0.7760,0.7880,0.034
1129,0.0097,0.7780,0.7900,0.032
1130,0.0097,0.7720,0.7860,0.026
1131,0.0107,0.7740,0.7790,0.032
1132,0.0084,0.7700,0.7740,0.033
1133,0.0107,0.7600,0.7690,0.033
1134,0.0105,0.7560,0.7670,0.026
1135,0.0169,0.7620,0.7740,0.030
1136,0.0094,0.7620,0.7790,0.040
1137,0.0103,0.7580,0.7820,0.032
1138,0.0166,0.7560,0.7860,0.031
1139,0.0180,0.7580,0.7830,0.040
1140,0.0145,0.7680,0.7860,0.037
1141,0.0096,0.7580,0.7810,0.036
1142,0.0107,0.7520,0.7700,0.026
1143,0.0219,0.7480,0.7670,0.032
1144,0.0165,0.7460,0.7690,0.032
1145,0.0136,0.7500,0.7700,0.032
1146,0.0216,0.7640,0.7760,0.035
1147,0.0149,0.7600,0.7700,0.037
1148,0.0087,0.7580,0.7700,0.028
1149,0.0121,0.7520,0.7690,0.035
1150,0.0142,0.7460,0.7700,0.035
1151,0.0188,0.7520,0.7690,0.022
1152,0.0162,0.7520,0.7700,0.032
1153,0.0100,0.7540,0.7710,0.032
1154,0.0168,0.7540,0.7670,0.037
1155,0.0138,0.7540,0.7760,0.040
1156,0.0109,0.7620,0.7740,0.035
1157,0.0139,0.7640,0.7790,0.027
1158,0.0103,0.7600,0.7700,0.027
1159,0.0192,0.7480,0.7740,0.043
1160,0.0145,0.7500,0.7700,0.029
1161,0.0153,0.7460,0.7670,0.038
1162,0.0125,0.7460,0.7640,0.033
1163,0.0118,0.7560,0.7710,0.040
1164,0.0114,0.7620,0.7730,0.031
1165,0.0123,0.7680,0.7720,0.030
1166,0.0188,0.7620,0.7700,0.030
1167,0.0099,0.7620,0.7620,0.044
1168,0.0179,0.7600,0.7680,0.030
1169,0.0099,0.7620,0.7680,0.030
1170,0.0143,0.7680,0.7720,0.036
1171,0.0117,0.7580,0.7720,0.024
1172,0.0112,0.7660,0.7700,0.034
1173,0.0167,0.7640,0.7720,0.028
1174,0.0130,0.7600,0.7690,0.032
1175,0.0107,0.7700,0.7760,0.032
1176,0.0109,0.7700,0.7760,0.029
1177,0.0069,0.7680,0.7800,0.026
1178,0.0119,0.7680,0.7840,0.033
1179,0.0100,0.7680,0.7790,0.029
1180,0.0107,0.7660,0.7780,0.024
1181,0.0108,0.7660,0.7830,0.032
1182,0.0146,0.7700,0.7810,0.036
1183,0.0135,0.7540,0.7730,0.025
1184,0.0090,0.7440,0.7670,0.037
1185,0.0141,0.7600,0.7730,0.034
1186,0.0177,0.7620,0.7760,0.032
1187,0.0166,0.7680,0.7760,0.031
1188,0.0129,0.7740,0.7800,0.025
1189,0.0132,0.7720,0.7780,0.034
1190,0.0138,0.7720,0.7810,0.030
1191,0.0100,0.7700,0.7790,0.034
1192,0.0154,0.7660,0.7810,0.032
1193,0.0098,0.7600,0.7790,0.030
1194,0.0165,0.7560,0.7770,0.034
1195,0.0194,0.7600,0.7700,0.038
1196,0.0149,0.7660,0.7710,0.036
1197,0.0177,0.7680,0.7710,0.036
1198,0.0090,0.7640,0.7750,0.041
1199,0.0128,0.7600,0.7720,0.034
1200,0.0178,0.7560,0.7650,0.035
1201,0.0219,0.7600,0.7690,0.037
1202,0.0184,0.7600,0.7710,0.028
1203,0.0127,0.7660,0.7700,0.036
1204,0.0115,0.7680,0.7710,0.029
1205,0.0111,0.7700,0.7750,0.025
1206,0.0137,0.7780,0.7740,0.024
1207,0.0124,0.7700,0.7670,0.035
1208,0.0114,0.7700,0.7680,0.024
1209,0.0154,0.7640,0.7770,0.028
1210,0.0139,0.7640,0.7690,0.034
1211,0.0106,0.7640,0.7760,0.034
1212,0.0169,0.7680,0.7760,0.034
1213,0.0104,0.7680,0.7670,0.031
1214,0.0081,0.7660,0.7660,0.036
1215,0.0133,0.7620,0.7650,0.032
1216,0.0236,0.7660,0.7630,0.023
1217,0.0136,0.7700,0.7690,0.029
1218,0.0143,0.7600,0.7680,0.037
1219,0.0161,0.7660,0.7700,0.039
1220,0.0162,0.7660,0.7650,0.033
1221,0.0326,0.7660,0.7740,0.033
1222,0.0148,0.7620,0.7670,0.043
1223,0.0158,0.7620,0.7680,0.037
1224,0.0119,0.7660,0.7680,0.035
1225,0.0120,0.7660,0.7670,0.025
1226,0.0152,0.7680,0.7700,0.032
1227,0.0116,0.7640,0.7700,0.032
1228,0.0187,0.7680,0.7750,0.034
1229,0.0086,0.7660,0.7760,0.034
1230,0.0210,0.7540,0.7660,0.040
1231,0.0140,0.7400,0.7630,0.032
1232,0.0153,0.7440,0.7590,0.036
1233,0.0190,0.7460,0.7720,0.034
1234,0.0162,0.7620,0.7750,0.025
1235,0.0165,0.7700,0.7690,0.026
1236,0.0184,0.7700,0.7690,0.038
1237,0.0112,0.7740,0.7710,0.035
1238,0.0133,0.7740,0.7720,0.024
1239,0.0117,0.7740,0.7730,0.036
1240,0.0155,0.7700,0.7680,0.028
1241,0.0172,0.7680,0.7730,0.035
1242,0.0108,0.7540,0.7740,0.034
1243,0.0111,0.7560,0.7750,0.029
1244,0.0171,0.7600,0.7770,0.031
1245,0.0126,0.7700,0.7760,0.028
1246,0.0162,0.7760,0.7770,0.038
1247,0.0107,0.7720,0.7750,0.030
1248,0.0077,0.7700,0.7740,0.035
1249,0.0080,0.7740,0.7750,0.037
1250,0.0106,0.7760,0.7730,0.034
1251,0.0096,0.7700,0.7730,0.034
1252,0.0179,0.7700,0.7780,0.026
1253,0.0141,0.7700,0.7790,0.032
1254,0.0074,0.7640,0.7770,0.032
1255,0.0156,0.7700,0.7790,0.036
1256,0.0163,0.7640,0.7810,0.032
1257,0.0098,0.7700,0.7810,0.024
1258,0.0109,0.7660,0.7820,0.032
1259,0.0110,0.7600,0.7840,0.030
1260,0.0097,0.7640,0.7810,0.036
1261,0.0126,0.7700,0.7760,0.042
1262,0.0190,0.7680,0.7780,0.033
1263,0.0097,0.7580,0.7710,0.029
1264,0.0166,0.7660,0.7800,0.030
1265,0.0117,0.7760,0.7770,0.036
1266,0.0089,0.7660,0.7830,0.030
1267,0.0151,0.7680,0.7790,0.031
1268,0.0188,0.7680,0.7760,0.034
1269,0.0128,0.7700,0.7780,0.034
1270,0.0095,0.7620,0.7740,0.032
1271,0.0106,0.7660,0.7700,0.025
1272,0.0144,0.7660,0.7730,0.035
1273,0.0130,0.7620,0.7760,0.028
1274,0.0100,0.7660,0.7820,0.034
1275,0.0091,0.7700,0.7790,0.028
1276,0.0110,0.7700,0.7820,0.032
1277,0.0138,0.7680,0.7820,0.033
1278,0.0138,0.7700,0.7840,0.025
1279,0.0129,0.7600,0.7810,0.034
1280,0.0127,0.7560,0.7740,0.026
1281,0.0114,0.7560,0.7730,0.042
1282,0.0125,0.7580,0.7810,0.037
1283,0.0118,0.7660,0.7800,0.032
1284,0.0136,0.7700,0.7840,0.032
1285,0.0169,0.7700,0.7830,0.026
1286,0.0113,0.7660,0.7800,0.024
1287,0.0109,0.7680,0.7780,0.039
1288,0.0142,0.7640,0.7750,0.027
1289,0.0160,0.7560,0.7780,0.028
1290,0.0128,0.7580,0.7730,0.032
1291,0.0190,0.7600,0.7710,0.030
1292,0.0123,0.7600,0.7730,0.051
1293,0.0089,0.7620,0.7730,0.041
1294,0.0106,0.7660,0.7750,0.028
1295,0.0230,0.7660,0.7760,0.034
1296,0.0120,0.7580,0.7740,0.033
1297,0.0123,0.7540,0.7730,0.033
1298,0.0108,0.7600,0.7800,0.030
1299,0.0113,0.7720,0.7740,0.036
1300,0.0134,0.7720,0.7770,0.028
1301,0.0169,0.7600,0.7770,0.038
1302,0.0111,0.7580,0.7740,0.034
1303,0.0111,0.7620,0.7740,0.031
1304,0.0128,0.7600,0.7800,0.030
1305,0.0117,0.7700,0.7780,0.026
1306,0.0148,0.7660,0.7750,0.037
1307,0.0143,0.7620,0.7740,0.029
1308,0.0160,0.7700,0.7780,0.036
1309,0.0117,0.7720,0.7800,0.027
1310,0.0146,0.7740,0.7780,0.035
1311,0.0157,0.7700,0.7750,0.039
1312,0.0083,0.7680,0.7740,0.037
1313,0.0090,0.7640,0.7760,0.038
1314,0.0162,0.7660,0.7740,0.030
1315,0.0111,0.7700,0.7770,0.034
1316,0.0133,0.7720,0.7760,0.036
1317,0.0110,0.7700,0.7790,0.040
1318,0.0161,0.7700,0.7790,0.032
1319,0.0143,0.7700,0.7780,0.038
1320,0.0130,0.7720,0.7770,0.033
1321,0.0131,0.7700,0.7720,0.053
1322,0.0121,0.7720,0.7730,0.045
1323,0.0141,0.7620,0.7750,0.040
1324,0.0110,0.7560,0.7710,0.043
1325,0.0103,0.7600,0.7700,0.035
1326,0.0147,0.7680,0.7740,0.038
1327,0.0100,0.7720,0.7770,0.036
1328,0.0135,0.7700,0.7730,0.030
1329,0.0112,0.7700,0.7710,0.028
1330,0.0092,0.7620,0.7640,0.030
1331,0.0086,0.7620,0.7670,0.035
1332,0.0091,0.7600,0.7680,0.036
1333,0.0216,0.7580,0.7670,0.024
1334,0.0138,0.7600,0.7710,0.027
1335,0.0147,0.7560,0.7690,0.028
1336,0.0100,0.7640,0.7760,0.032
1337,0.0108,0.7700,0.7820,0.032
1338,0.0118,0.7800,0.7840,0.030
1339,0.0097,0.7720,0.7850,0.026
1340,0.0126,0.7760,0.7820,0.032
1341,0.0151,0.7760,0.7770,0.042
1342,0.0135,0.7640,0.7730,0.026
1343,0.0098,0.7640,0.7740,0.035
1344,0.0134,0.7600,0.7780,0.033
1345,0.0105,0.7540,0.7710,0.032
1346,0.0154,0.7580,0.7820,0.036
1347,0.0205,0.7720,0.7840,0.024
1348,0.0102,0.7660,0.7830,0.038
1349,0.0161,0.7640,0.7820,0.034
1350,0.0144,0.7700,0.7790,0.032
1351,0.0083,0.7700,0.7760,0.034
1352,0.0115,0.7660,0.7770,0.038
1353,0.0220,0.7640,0.7720,0.033
1354,0.0124,0.7640,0.7740,0.030
1355,0.0144,0.7680,0.7740,0.030
1356,0.0146,0.7680,0.7740,0.032
1357,0.0235,0.7700,0.7720,0.036
1358,0.0131,0.7580,0.7680,0.036
1359,0.0097,0.7560,0.7640,0.031
1360,0.0242,0.7620,0.7740,0.036
1361,0.0122,0.7680,0.7720,0.035
1362,0.0103,0.7720,0.7730,0.035
1363,0.0105,0.7640,0.7740,0.032
1364,0.0137,0.7620,0.7680,0.030
1365,0.0186,0.7740,0.7730,0.032
1366,0.0140,0.7720,0.7730,0.034
1367,0.0076,0.7640,0.7680,0.032
1368,0.0194,0.7560,0.7700,0.035
1369,0.0147,0.7640,0.7710,0.030
1370,0.0117,0.7700,0.7720,0.030
1371,0.0099,0.7600,0.7710,0.030
1372,0.0116,0.7540,0.7660,0.030
1373,0.0106,0.7540,0.7620,0.030
1374,0.0098,0.7540,0.7650,0.035
1375,0.0165,0.7560,0.7700,0.034
1376,0.0090,0.7600,0.7650,0.032
1377,0.0208,0.7600,0.7690,0.034
1378,0.0156,0.7680,0.7710,0.035
1379,0.0072,0.7740,0.7770,0.027
1380,0.0136,0.7720,0.7790,0.038
1381,0.0096,0.7700,0.7800,0.042
1382,0.0168,0.7620,0.7750,0.040
1383,0.0116,0.7560,0.7640,0.037
1384,0.0110,0.7540,0.7640,0.035
1385,0.0138,0.7620,0.7650,0.035
1386,0.0192,0.7740,0.7810,0.034
1387,0.0085,0.7620,0.7780,0.036
1388,0.0202,0.7680,0.7800,0.030
1389,0.0122,0.7580,0.7780,0.040
1390,0.0117,0.7520,0.7740,0.033
1391,0.0156,0.7480,0.7710,0.033
1392,0.0137,0.7460,0.7710,0.030
1393,0.0088,0.7540,0.7710,0.033
1394,0.0114,0.7580,0.7720,0.035
1395,0.0116,0.7580,0.7790,0.035
1396,0.0145,0.7680,0.7780,0.032
1397,0.0112,0.7760,0.7780,0.034
1398,0.0109,0.7760,0.7780,0.029
1399,0.0094,0.7700,0.7790,0.035
1400,0.0097,0.7600,0.7700,0.030
1401,0.0126,0.7580,0.7670,0.040
1402,0.0113,0.7540,0.7700,0.024
1403,0.0099,0.7580,0.7750,0.034
1404,0.0130,0.7620,0.7810,0.030
1405,0.0107,0.7680,0.7820,0.040
1406,0.0119,0.7660,0.7830,0.032
1407,0.0197,0.7660,0.7790,0.029
1408,0.0127,0.7700,0.7770,0.026
1409,0.0134,0.7740,0.7830,0.037
1410,0.0133,0.7720,0.7870,0.032
1411,0.0109,0.7660,0.7850,0.033
1412,0.0109,0.7640,0.7810,0.040
1413,0.0152,0.7640,0.7820,0.041
1414,0.0098,0.7700,0.7870,0.032
1415,0.0105,0.7780,0.7780,0.030
1416,0.0111,0.7740,0.7730,0.030
1417,0.0188,0.7760,0.7840,0.034
1418,0.0116,0.7640,0.7810,0.036
1419,0.0128,0.7560,0.7750,0.035
1420,0.0220,0.7580,0.7810,0.031
1421,0.0133,0.7680,0.7840,0.029
1422,0.0162,0.7620,0.7820,0.039
1423,0.0132,0.7640,0.7790,0.041
1424,0.0118,0.7640,0.7770,0.031
1425,0.0140,0.7700,0.7820,0.034
1426,0.0145,0.7660,0.7830,0.034
1427,0.0138,0.7680,0.7820,0.036
1428,0.0141,0.7580,0.7650,0.030
1429,0.0171,0.7460,0.7450,0.036
1430,0.0170,0.7540,0.7560,0.032
1431,0.0153,0.7520,0.7670,0.034
1432,0.0119,0.7580,0.7740,0.028
1433,0.0093,0.7580,0.7810,0.026
1434,0.0138,0.7700,0.7850,0.036
1435,0.0156,0.7640,0.7880,0.028
1436,0.0111,0.7660,0.7860,0.034
1437,0.0147,0.7680,0.7860,0.034
1438,0.0080,0.7600,0.7820,0.038
1439,0.0140,0.7560,0.7830,0.034
1440,0.0115,0.7600,0.7760,0.030
1441,0.0094,0.7580,0.7780,0.040
1442,0.0145,0.7580,0.7780,0.044
1443,0.0175,0.7600,0.7770,0.038
1444,0.0167,0.7660,0.7750,0.032
1445,0.0087,0.7660,0.7690,0.030
1446,0.0087,0.7540,0.7620,0.029
1447,0.0197,0.7660,0.7640,0.029
1448,0.0099,0.7580,0.7750,0.039
1449,0.0123,0.7620,0.7700,0.030
1450,0.0115,0.7620,0.7700,0.030
1451,0.0177,0.7620,0.7740,0.034
1452,0.0122,0.7660,0.7740,0.037
1453,0.0126,0.7480,0.7650,0.033
1454,0.0151,0.7520,0.7700,0.037
1455,0.0120,0.7640,0.7710,0.042
1456,0.0157,0.7660,0.7770,0.034
1457,0.0123,0.7680,0.7730,0.029
1458,0.0099,0.7660,0.7740,0.033
1459,0.0206,0.7720,0.7670,0.030
1460,0.0085,0.7500,0.7650,0.034
1461,0.0182,0.7560,0.7650,0.033
1462,0.0099,0.7600,0.7690,0.025
1463,0.0153,0.7700,0.7750,0.043
1464,0.0158,0.7680,0.7810,0.029
1465,0.0118,0.7600,0.7830,0.031
1466,0.0136,0.7680,0.7850,0.032
1467,0.0122,0.7720,0.7840,0.033
1468,0.0100,0.7680,0.7870,0.035
1469,0.0135,0.7760,0.7810,0.033
1470,0.0177,0.7660,0.7810,0.032
1471,0.0108,0.7620,0.7760,0.037
1472,0.0129,0.7680,0.7740,0.037
1473,0.0128,0.7700,0.7790,0.033
1474,0.0089,0.7620,0.7810,0.034
1475,0.0105,0.7620,0.7760,0.037
1476,0.0182,0.7740,0.7810,0.037
1477,0.0111,0.7640,0.7850,0.036
1478,0.0101,0.7720,0.7880,0.040
1479,0.0120,0.7780,0.7760,0.036
1480,0.0109,0.7680,0.7810,0.032
1481,0.0107,0.7740,0.7800,0.037
1482,0.0145,0.7560,0.7740,0.035
1483,0.0123,0.7560,0.7700,0.038
1484,0.0123,0.7600,0.7730,0.034
1485,0.0145,0.7820,0.7750,0.036
1486,0.0169,0.7680,0.7730,0.034
1487,0.0082,0.7760,0.7750,0.039
1488,0.0112,0.7660,0.7760,0.045
1489,0.0157,0.7700,0.7780,0.034
1490,0.0084,0.7640,0.7760,0.029
1491,0.0107,0.7600,0.7720,0.045
1492,0.0155,0.7580,0.7710,0.036
1493,0.0105,0.7660,0.7760,0.031
1494,0.0112,0.7600,0.7750,0.037
1495,0.0152,0.7660,0.7730,0.043
1496,0.0122,0.7720,0.7770,0.033
1497,0.0075,0.7740,0.7740,0.031
1498,0.0124,0.7740,0.7780,0.033
1499,0.0125,0.7760,0.7780,0.037
1500,0.0095,0.7740,0.7770,0.038
1501,0.0125,0.7740,0.7750,0.027
1502,0.0103,0.7660,0.7700,0.045
1503,0.0119,0.7540,0.7650,0.041
1504,0.0310,0.7660,0.7720,0.032
1505,0.0154,0.7720,0.7780,0.035
1506,0.0116,0.7640,0.7790,0.035
1507,0.0142,0.7740,0.7750,0.036
1508,0.0108,0.7800,0.7760,0.030
1509,0.0095,0.7760,0.7750,0.034
1510,0.0127,0.7800,0.7760,0.034
1511,0.0139,0.7720,0.7720,0.031
1512,0.0153,0.7820,0.7770,0.037
1513,0.0116,0.7600,0.7670,0.033
1514,0.0130,0.7560,0.7640,0.025
1515,0.0235,0.7700,0.7630,0.036
1516,0.0114,0.7580,0.7570,0.026
1517,0.0179,0.7600,0.7600,0.035
1518,0.0276,0.7660,0.7700,0.036
1519,0.0150,0.7740,0.7710,0.036
1520,0.0101,0.7620,0.7730,0.030
1521,0.0117,0.7540,0.7640,0.037
1522,0.0169,0.7560,0.7720,0.045
1523,0.0132,0.7620,0.7710,0.030
1524,0.0195,0.7560,0.7740,0.027
1525,0.0128,0.7480,0.7680,0.032
1526,0.0121,0.7540,0.7690,0.032
1527,0.0197,0.7580,0.7710,0.038
1528,0.0102,0.7600,0.7740,0.029
1529,0.0124,0.7520,0.7730,0.034
1530,0.0138,0.7560,0.7650,0.041
1531,0.0126,0.7480,0.7590,0.035
1532,0.0161,0.7520,0.7680,0.038
1533,0.0159,0.7580,0.7790,0.032
1534,0.0173,0.7540,0.7800,0.034
1535,0.0072,0.7580,0.7730,0.026
1536,0.0129,0.7500,0.7700,0.040
1537,0.0132,0.7580,0.7750,0.032
1538,0.0093,0.7660,0.7790,0.035
1539,0.0112,0.7680,0.7740,0.033
1540,0.0109,0.7620,0.7700,0.030
1541,0.0135,0.7640,0.7650,0.040
1542,0.0177,0.7600,0.7790,0.020
1543,0.0150,0.7600,0.7720,0.042
1544,0.0143,0.7600,0.7730,0.038
1545,0.0195,0.7700,0.7840,0.028
1546,0.0152,0.7720,0.7760,0.028
1547,0.0212,0.7740,0.7730,0.032
1548,0.0094,0.7600,0.7700,0.031
1549,0.0121,0.7600,0.7700,0.039
1550,0.0104,0.7560,0.7710,0.033
1551,0.0314,0.7600,0.7690,0.039
1552,0.0097,0.7480,0.7720,0.038
1553,0.0082,0.7380,0.7540,0.034
1554,0.0126,0.7400,0.7530,0.039
1555,0.0117,0.7420,0.7530,0.034
1556,0.0166,0.7560,0.7610,0.032
1557,0.0130,0.7720,0.7670,0.028
1558,0.0180,0.7680,0.7730,0.034
1559,0.0134,0.7680,0.7750,0.042
1560,0.0162,0.7700,0.7750,0.040
1561,0.0116,0.7720,0.7740,0.034
1562,0.0091,0.7720,0.7770,0.036
1563,0.0131,0.7660,0.7740,0.038
1564,0.0082,0.7580,0.7720,0.032
1565,0.0112,0.7540,0.7740,0.036
1566,0.0122,0.7540,0.7700,0.034
1567,0.0157,0.7540,0.7700,0.038
1568,0.0170,0.7620,0.7720,0.032
1569,0.0094,0.7640,0.7770,0.035
1570,0.0086,0.7600,0.7720,0.035
1571,0.0146,0.7700,0.7760,0.030
1572,0.0156,0.7700,0.7770,0.032
1573,0.0151,0.7580,0.7780,0.034
1574,0.0078,0.7520,0.7680,0.040
1575,0.0147,0.7520,0.7650,0.039
1576,0.0132,0.7500,0.7710,0.038
1577,0.0077,0.7560,0.7770,0.036
1578,0.0123,0.7600,0.7780,0.042
1579,0.0103,0.7620,0.7770,0.036
1580,0.0134,0.7600,0.7750,0.039
1581,0.0109,0.7680,0.7690,0.033
1582,0.0105,0.7620,0.7730,0.038
1583,0.0099,0.7660,0.7750,0.036
1584,0.0168,0.7640,0.7730,0.038
1585,0.0175,0.7520,0.7630,0.035
1586,0.0118,0.7460,0.7650,0.041
1587,0.0178,0.7520,0.7620,0.036
1588,0.0125,0.7620,0.7770,0.038
1589,0.0141,0.7580,0.7680,0.042
1590,0.0117,0.7460,0.7690,0.036
1591,0.0215,0.7580,0.7680,0.039
1592,0.0123,0.7720,0.7680,0.034
1593,0.0250,0.7640,0.7640,0.030
1594,0.0274,0.7580,0.7580,0.039
1595,0.0216,0.7560,0.7670,0.032
1596,0.0135,0.7480,0.7650,0.034
1597,0.0147,0.7480,0.7610,0.032
1598,0.0256,0.7540,0.7650,0.032
1599,0.0138,0.7480,0.7770,0.036
1600,0.0155,0.7580,0.7810,0.034
1601,0.0149,0.7680,0.7800,0.039
1602,0.0146,0.7700,0.7780,0.033
1603,0.0118,0.7680,0.7680,0.042
1604,0.0122,0.7660,0.7640,0.033
1605,0.0125,0.7700,0.7600,0.030
1606,0.0131,0.7620,0.7590,0.041
1607,0.0146,0.7580,0.7720,0.032
1608,0.0111,0.7560,0.7750,0.038
1609,0.0078,0.7600,0.7700,0.030
1610,0.0104,0.7640,0.7710,0.036
1611,0.0117,0.7600,0.7720,0.030
1612,0.0092,0.7640,0.7740,0.030
1613,0.0132,0.7640,0.7750,0.044
1614,0.0078,0.7760,0.7800,0.040
1615,0.0095,0.7700,0.7780,0.035
1616,0.0169,0.7680,0.7780,0.049
1617,0.0078,0.7640,0.7790,0.035
1618,0.0088,0.7640,0.7820,0.035
1619,0.0081,0.7600,0.7740,0.040
1620,0.0135,0.7620,0.7780,0.037
1621,0.0119,0.7620,0.7750,0.034
1622,0.0129,0.7600,0.7790,0.035
1623,0.0128,0.7620,0.7860,0.039
1624,0.0120,0.7640,0.7820,0.026
1625,0.0152,0.7640,0.7840,0.040
1626,0.0098,0.7680,0.7820,0.036
1627,0.0157,0.7660,0.7840,0.034
1628,0.0161,0.7640,0.7840,0.040
1629,0.0121,0.7600,0.7790,0.030
1630,0.0094,0.7540,0.7770,0.040
1631,0.0126,0.7540,0.7780,0.030
1632,0.0126,0.7580,0.7750,0.031
1633,0.0125,0.7740,0.7800,0.040
1634,0.0100,0.7620,0.7780,0.040
1635,0.0270,0.7540,0.7760,0.042
1636,0.0126,0.7600,0.7650,0.037
1637,0.0089,0.7580,0.7590,0.041
1638,0.0135,0.7600,0.7670,0.045
1639,0.0132,0.7700,0.7730,0.040
1640,0.0117,0.7640,0.7650,0.032
1641,0.0123,0.7560,0.7620,0.033
1642,0.0192,0.7560,0.7650,0.046
1643,0.0141,0.7620,0.7750,0.043
1644,0.0164,0.7620,0.7800,0.038
1645,0.0146,0.7620,0.7770,0.032
1646,0.0131,0.7640,0.7810,0.031
1647,0.0153,0.7760,0.7790,0.032
1648,0.0126,0.7820,0.7760,0.037
1649,0.0095,0.7660,0.7740,0.036
1650,0.0150,0.7520,0.7650,0.034
1651,0.0100,0.7520,0.7590,0.035
1652,0.0216,0.7640,0.7750,0.033
1653,0.0110,0.7700,0.7750,0.039
1654,0.0179,0.7660,0.7780,0.039
1655,0.0120,0.7640,0.7780,0.037
1656,0.0137,0.7660,0.7760,0.030
1657,0.0115,0.7720,0.7800,0.032
1658,0.0117,0.7700,0.7790,0.042
1659,0.0096,0.7640,0.7730,0.037
1660,0.0131,0.7600,0.7750,0.032
1661,0.0157,0.7600,0.7710,0.042
1662,0.0095,0.7460,0.7650,0.034
1663,0.0147,0.7560,0.7690,0.036
1664,0.0103,0.7580,0.7740,0.042
1665,0.0195,0.7560,0.7710,0.032
1666,0.0130,0.7580,0.7780,0.040
1667,0.0080,0.7640,0.7720,0.034
1668,0.0163,0.7660,0.7760,0.038
1669,0.0119,0.7660,0.7760,0.036
1670,0.0231,0.7540,0.7850,0.042
1671,0.0117,0.7580,0.7780,0.042
1672,0.0218,0.7480,0.7680,0.038
1673,0.0154,0.7480,0.7630,0.040
1674,0.0194,0.7460,0.7670,0.040
1675,0.0304,0.7560,0.7830,0.040
1676,0.0139,0.7600,0.7760,0.040
1677,0.0115,0.7700,0.7850,0.040
1678,0.0120,0.7720,0.7750,0.038
1679,0.0164,0.7580,0.7730,0.036
1680,0.0103,0.7520,0.7600,0.036
1681,0.0147,0.7560,0.7720,0.039
1682,0.0142,0.7560,0.7640,0.036
1683,0.0124,0.7520,0.7620,0.027
1684,0.0189,0.7560,0.7640,0.044
1685,0.0270,0.7580,0.7670,0.042
1686,0.0147,0.7580,0.7730,0.033
1687,0.0088,0.7520,0.7680,0.038
1688,0.0077,0.7380,0.7610,0.039
1689,0.0163,0.7480,0.7640,0.043
1690,0.0182,0.7600,0.7700,0.038
1691,0.0216,0.7580,0.7640,0.041
1692,0.0122,0.7520,0.7590,0.037
1693,0.0136,0.7480,0.7580,0.037
1694,0.0199,0.7340,0.7520,0.044
1695,0.0176,0.7300,0.7570,0.035
1696,0.0119,0.7560,0.7640,0.036
1697,0.0124,0.7660,0.7770,0.045
1698,0.0082,0.7640,0.7840,0.040
1699,0.0141,0.7600,0.7880,0.037
1700,0.0093,0.7700,0.7890,0.033
1701,0.0162,0.7720,0.7850,0.040
1702,0.0084,0.7560,0.7820,0.040
1703,0.0117,0.7440,0.7680,0.040
1704,0.0176,0.7400,0.7690,0.040
1705,0.0091,0.7500,0.7740,0.032
1706,0.0093,0.7620,0.7790,0.038
1707,0.0078,0.7760,0.7830,0.035
1708,0.0088,0.7740,0.7850,0.039
1709,0.0126,0.7620,0.7760,0.036
1710,0.0158,0.7580,0.7760,0.040
1711,0.0111,0.7480,0.7560,0.035
1712,0.0143,0.7520,0.7550,0.043
1713,0.0124,0.7560,0.7650,0.038
1714,0.0176,0.7780,0.7790,0.040
1715,0.0129,0.7640,0.7830,0.041
1716,0.0256,0.7660,0.7750,0.033
1717,0.0133,0.7640,0.7710,0.035
1718,0.0103,0.7600,0.7700,0.040
1719,0.0116,0.7480,0.7620,0.031
1720,0.0124,0.7480,0.7660,0.034
1721,0.0132,0.7460,0.7690,0.042
1722,0.0087,0.7600,0.7720,0.038
1723,0.0067,0.7660,0.7670,0.048
1724,0.0142,0.7740,0.7710,0.043
1725,0.0183,0.7720,0.7760,0.042
1726,0.0077,0.7620,0.7750,0.040
1727,0.0148,0.7640,0.7810,0.036
1728,0.0149,0.7640,0.7830,0.032
1729,0.0096,0.7560,0.7750,0.044
1730,0.0147,0.7580,0.7820,0.045
1731,0.0104,0.7680,0.7850,0.041
1732,0.0142,0.7760,0.7820,0.042
1733,0.0115,0.7760,0.7770,0.037
1734,0.0169,0.7600,0.7740,0.040
1735,0.0176,0.7620,0.7760,0.033
1736,0.0159,0.7640,0.7770,0.038
1737,0.0139,0.7660,0.7790,0.032
1738,0.0141,0.7600,0.7720,0.036
1739,0.0112,0.7560,0.7660,0.041
1740,0.0111,0.7600,0.7720,0.039
1741,0.0165,0.7640,0.7750,0.040
1742,0.0151,0.7660,0.7760,0.037
1743,0.0202,0.7700,0.7780,0.035
1744,0.0117,0.7700,0.7750,0.036
1745,0.0112,0.7620,0.7710,0.029
1746,0.0145,0.7560,0.7640,0.039
1747,0.0130,0.7500,0.7570,0.034
1748,0.0142,0.7520,0.7560,0.037
1749,0.0098,0.7440,0.7500,0.041
1750,0.0111,0.7480,0.7570,0.040
1751,0.0121,0.7500,0.7630,0.038
1752,0.0139,0.7540,0.7730,0.038
1753,0.0172,0.7740,0.7790,0.040
1754,0.0129,0.7660,0.7790,0.038
1755,0.0129,0.7500,0.7680,0.041
1756,0.0112,0.7560,0.7710,0.037
1757,0.0128,0.7600,0.7720,0.037
1758,0.0102,0.7560,0.7820,0.046
1759,0.0083,0.7600,0.7800,0.044
1760,0.0114,0.7560,0.7730,0.031
1761,0.0140,0.7600,0.7710,0.040
1762,0.0105,0.7540,0.7690,0.040
1763,0.0146,0.7520,0.7730,0.036
1764,0.0132,0.7620,0.7790,0.037
1765,0.0154,0.7680,0.7820,0.037
1766,0.0192,0.7660,0.7810,0.031
1767,0.0187,0.7640,0.7830,0.045
1768,0.0127,0.7500,0.7670,0.040
1769,0.0115,0.7500,0.7590,0.040
1770,0.0133,0.7520,0.7640,0.035
1771,0.0099,0.7580,0.7690,0.042
1772,0.0213,0.7680,0.7800,0.038
1773,0.0148,0.7700,0.7810,0.045
1774,0.0120,0.7680,0.7790,0.050
1775,0.0201,0.7640,0.7780,0.053
1776,0.0091,0.7540,0.7690,0.047
1777,0.0095,0.7420,0.7620,0.042
1778,0.0114,0.7520,0.7620,0.048
1779,0.0116,0.7640,0.7690,0.040
1780,0.0086,0.7620,0.7680,0.075
1781,0.0103,0.7620,0.7720,0.055
1782,0.0129,0.7700,0.7720,0.044
1783,0.0144,0.7720,0.7790,0.043
1784,0.0124,0.7580,0.7710,0.044
1785,0.0158,0.7520,0.7660,0.053
1786,0.0415,0.7760,0.7680,0.037
1787,0.0102,0.7640,0.7680,0.050
1788,0.0148,0.7700,0.7730,0.042
1789,0.0197,0.7620,0.7670,0.038
1790,0.0122,0.7400,0.7540,0.047
1791,0.0155,0.7420,0.7420,0.039
1792,0.0207,0.7440,0.7560,0.041
1793,0.0239,0.7580,0.7630,0.045
1794,0.0108,0.7540,0.7660,0.042
1795,0.0138,0.7600,0.7710,0.042
1796,0.0251,0.7520,0.7700,0.044
1797,0.0267,0.7540,0.7700,0.060
1798,0.0147,0.7500,0.7620,0.046
1799,0.0077,0.7300,0.7380,0.047
1800,0.0105,0.7120,0.7240,0.046
1801,0.0244,0.7300,0.7450,0.047
1802,0.0154,0.7480,0.7700,0.043
1803,0.0124,0.7520,0.7690,0.040
1804,0.0089,0.7560,0.7660,0.040
1805,0.0124,0.7520,0.7600,0.050
1806,0.0213,0.7620,0.7710,0.040
1807,0.0157,0.7540,0.7740,0.042
1808,0.0090,0.7520,0.7700,0.039
1809,0.0206,0.7420,0.7500,0.039
1810,0.0118,0.7360,0.7430,0.041
1811,0.0131,0.7340,0.7460,0.039
1812,0.0217,0.7460,0.7680,0.054
1813,0.0104,0.7540,0.7760,0.046
1814,0.0082,0.7600,0.7750,0.042
1815,0.0166,0.7620,0.7750,0.038
1816,0.0177,0.7640,0.7800,0.050
1817,0.0129,0.7660,0.7820,0.046
1818,0.0143,0.7600,0.7700,0.044
1819,0.0141,0.7440,0.7540,0.050
1820,0.0108,0.7360,0.7550,0.058
1821,0.0157,0.7400,0.7480,0.044
1822,0.0131,0.7440,0.7550,0.041
1823,0.0132,0.7580,0.7630,0.041
1824,0.0148,0.7700,0.7690,0.040
1825,0.0084,0.7660,0.7790,0.040
1826,0.0132,0.7720,0.7770,0.041
1827,0.0153,0.7700,0.7730,0.037
1828,0.0172,0.7560,0.7730,0.034
1829,0.0075,0.7540,0.7640,0.038
1830,0.0111,0.7480,0.7620,0.042
1831,0.0159,0.7460,0.7630,0.034
1832,0.0098,0.7500,0.7740,0.050
1833,0.0103,0.7700,0.7780,0.050
1834,0.0090,0.7760,0.7830,0.045
1835,0.0076,0.7600,0.7840,0.050
1836,0.0087,0.7620,0.7810,0.040
1837,0.0154,0.7620,0.7770,0.047
1838,0.0091,0.7680,0.7770,0.046
1839,0.0078,0.7560,0.7680,0.044
1840,0.0135,0.7440,0.7540,0.043
1841,0.0255,0.7480,0.7610,0.049
1842,0.0156,0.7520,0.7770,0.040
1843,0.0104,0.7500,0.7780,0.050
1844,0.0126,0.7460,0.7800,0.036
1845,0.0110,0.7540,0.7810,0.050
1846,0.0103,0.7640,0.7810,0.040
1847,0.0113,0.7680,0.7810,0.045
1848,0.0107,0.7720,0.7770,0.040
1849,0.0105,0.7720,0.7710,0.041
1850,0.0108,0.7720,0.7690,0.044
1851,0.0134,0.7660,0.7700,0.041
1852,0.0100,0.7580,0.7690,0.042
1853,0.0114,0.7560,0.7680,0.038
1854,0.0168,0.7640,0.7750,0.046
1855,0.0121,0.7680,0.7700,0.042
1856,0.0081,0.7740,0.7730,0.036
1857,0.0121,0.7740,0.7780,0.040
1858,0.0118,0.7740,0.7760,0.033
1859,0.0102,0.7740,0.7770,0.056
1860,0.0083,0.7680,0.7800,0.055
1861,0.0111,0.7740,0.7770,0.068
1862,0.0113,0.7680,0.7720,0.157
1863,0.0128,0.7660,0.7750,0.048
1864,0.0164,0.7680,0.7760,0.054
1865,0.0084,0.7640,0.7730,0.033
1866,0.0214,0.7600,0.7730,0.030
1867,0.0149,0.7620,0.7740,0.032
1868,0.0146,0.7700,0.7810,0.035
1869,0.0148,0.7740,0.7730,0.028
1870,0.0176,0.7740,0.7760,0.042
1871,0.0084,0.7720,0.7730,0.042
1872,0.0118,0.7620,0.7760,0.040
1873,0.0082,0.7580,0.7670,0.040
1874,0.0103,0.7560,0.7680,0.034
1875,0.0115,0.7580,0.7640,0.045
1876,0.0102,0.7620,0.7690,0.035
1877,0.0144,0.7680,0.7750,0.037
1878,0.0157,0.7640,0.7830,0.033
1879,0.0135,0.7620,0.7710,0.037
1880,0.0292,0.7540,0.7650,0.038
1881,0.0142,0.7580,0.7710,0.040
1882,0.0198,0.7680,0.7860,0.034
1883,0.0156,0.7700,0.7840,0.034
1884,0.0145,0.7560,0.7710,0.030
1885,0.0159,0.7540,0.7700,0.035
1886,0.0121,0.7580,0.7730,0.042
1887,0.0097,0.7640,0.7740,0.034
1888,0.0115,0.7620,0.7790,0.023
1889,0.0134,0.7640,0.7790,0.036
1890,0.0123,0.7680,0.7770,0.034
1891,0.0101,0.7640,0.7810,0.042
1892,0.0178,0.7620,0.7760,0.036
1893,0.0158,0.7680,0.7800,0.030
1894,0.0183,0.7580,0.7770,0.038
1895,0.0097,0.7580,0.7770,0.035
1896,0.0109,0.7600,0.7740,0.038
1897,0.0103,0.7640,0.7740,0.040
1898,0.0128,0.7660,0.7760,0.043
1899,0.0098,0.7660,0.7740,0.040
1900,0.0120,0.7620,0.7780,0.043
1901,0.0128,0.7600,0.7810,0.036
1902,0.0158,0.7540,0.7700,0.034
1903,0.0164,0.7500,0.7620,0.032
1904,0.0217,0.7480,0.7760,0.030
1905,0.0141,0.7500,0.7690,0.040
1906,0.0113,0.7540,0.7680,0.030
1907,0.0110,0.7600,0.7720,0.026
1908,0.0193,0.7660,0.7760,0.028
1909,0.0115,0.7660,0.7790,0.029
1910,0.0104,0.7460,0.7680,0.036
1911,0.0111,0.7480,0.7560,0.025
1912,0.0216,0.7580,0.7720,0.028
1913,0.0100,0.7560,0.7700,0.037
1914,0.0106,0.7520,0.7670,0.036
1915,0.0251,0.7540,0.7640,0.037
1916,0.0088,0.7660,0.7750,0.034
1917,0.0147,0.7620,0.7740,0.036
1918,0.0114,0.7740,0.7770,0.040
1919,0.0093,0.7760,0.7810,0.047
1920,0.0100,0.7640,0.7740,0.033
1921,0.0151,0.7580,0.7710,0.041
1922,0.0108,0.7620,0.7680,0.028
1923,0.0107,0.7700,0.7790,0.039
1924,0.0081,0.7740,0.7820,0.025
1925,0.0104,0.7780,0.7750,0.034
1926,0.0137,0.7700,0.7780,0.036
1927,0.0147,0.7720,0.7850,0.038
1928,0.0101,0.7740,0.7800,0.030
1929,0.0110,0.7620,0.7740,0.032
1930,0.0107,0.7620,0.7710,0.034
1931,0.0142,0.7540,0.7690,0.035
1932,0.0112,0.7660,0.7780,0.035
1933,0.0078,0.7660,0.7770,0.031
1934,0.0119,0.7720,0.7830,0.041
1935,0.0097,0.7720,0.7790,0.034
1936,0.0171,0.7760,0.7820,0.038
1937,0.0113,0.7680,0.7830,0.038
1938,0.0118,0.7600,0.7760,0.040
1939,0.0137,0.7540,0.7770,0.046
1940,0.0145,0.7540,0.7740,0.034
1941,0.0214,0.7640,0.7830,0.048
1942,0.0142,0.7720,0.7830,0.040
1943,0.0123,0.7640,0.7750,0.038
1944,0.0176,0.7680,0.7680,0.032
1945,0.0201,0.7600,0.7760,0.032
1946,0.0272,0.7560,0.7720,0.023
1947,0.0123,0.7640,0.7760,0.045
1948,0.0159,0.7780,0.7870,0.042
1949,0.0125,0.7820,0.7960,0.040
1950,0.0128,0.7600,0.7840,0.032
1951,0.0167,0.7640,0.7920,0.026
1952,0.0175,0.7740,0.7880,0.038
1953,0.0109,0.7740,0.7760,0.032
1954,0.0093,0.7540,0.7620,0.030
1955,0.0278,0.7740,0.7760,0.032
1956,0.0120,0.7660,0.7760,0.029
1957,0.0137,0.7640,0.7690,0.041
1958,0.0100,0.7640,0.7790,0.039
1959,0.0134,0.7840,0.7850,0.030
1960,0.0105,0.7820,0.7830,0.030
1961,0.0152,0.7760,0.7720,0.042
1962,0.0122,0.7620,0.7730,0.028
1963,0.0124,0.7580,0.7790,0.034
1964,0.0107,0.7560,0.7710,0.036
1965,0.0122,0.7520,0.7660,0.034
1966,0.0191,0.7680,0.7840,0.036
1967,0.0159,0.7760,0.7820,0.030
1968,0.0193,0.7660,0.7780,0.030
1969,0.0129,0.7680,0.7810,0.032
1970,0.0083,0.7760,0.7810,0.028
1971,0.0136,0.7680,0.7760,0.032
1972,0.0143,0.7660,0.7750,0.032
1973,0.0153,0.7620,0.7730,0.031
1974,0.0079,0.7600,0.7690,0.031
1975,0.0130,0.7620,0.7680,0.035
1976,0.0239,0.7720,0.7710,0.023
1977,0.0156,0.7660,0.7760,0.046
1978,0.0091,0.7660,0.7750,0.044
1979,0.0130,0.7600,0.7680,0.027
1980,0.0118,0.7600,0.7620,0.037
1981,0.0216,0.7600,0.7730,0.037
1982,0.0081,0.7680,0.7800,0.036
1983,0.0156,0.7800,0.7850,0.036
1984,0.0174,0.7700,0.7810,0.024
1985,0.0112,0.7660,0.7840,0.040
1986,0.0129,0.7600,0.7750,0.030
1987,0.0133,0.7640,0.7780,0.038
1988,0.0165,0.7700,0.7850,0.032
1989,0.0120,0.7640,0.7740,0.040
1990,0.0076,0.7660,0.7730,0.035
1991,0.0135,0.7720,0.7760,0.033
1992,0.0141,0.7760,0.7840,0.026
1993,0.0126,0.7640,0.7820,0.038
1994,0.0154,0.7640,0.7830,0.033
1995,0.0085,0.7680,0.7880,0.029
1996,0.0093,0.7680,0.7790,0.040
1997,0.0093,0.7680,0.7810,0.036
1998,0.0116,0.7760,0.7820,0.039
1999,0.0100,0.7640,0.7800,0.035
2000,0.0115,0.7680,0.7710,0.036
